✔ [1576/2130] Built equational_theories.Magma (247ms)
✔ [3436/4729] Built equational_theories.Generated.Greedy.OrLemmas (437ms)
✔ [3437/4729] Built equational_theories.FactsSyntax (1.5s)
✔ [3438/4729] Built equational_theories.RArray (1.4s)
✔ [3439/4729] Built equational_theories.Homomorphisms (1.9s)
✔ [3440/4729] Built equational_theories.DecideBang (1.6s)
✔ [3441/4729] Built equational_theories.Mathlib.Data.List.Defs (1.6s)
✔ [3442/4729] Built equational_theories.MemoFinOp (1.7s)
✔ [3443/4729] Built equational_theories.ManuallyProved.Equation1729.Edit (1.0s)
✔ [3444/4729] Built equational_theories.AdjoinFresh (2.2s)
✔ [3445/4729] Built equational_theories.Mathlib.Order.Greedy (2.5s)
✔ [3446/4729] Built equational_theories.ShefferAlgebra (2.5s)
✔ [3447/4729] Built equational_theories.Superposition (2.7s)
✔ [3448/4729] Built equational_theories.FreshGenerator (2.9s)
✔ [3449/4729] Built equational_theories.FreeMagma (1.8s)
✔ [3450/4729] Built equational_theories.PartialMagma (1.4s)
✔ [3451/4729] Built equational_theories.ForMathlib.Definability (3.8s)
✔ [3452/4729] Built equational_theories.Counting (1.6s)
✔ [3453/4729] Built equational_theories.MagmaLaw (2.9s)
✔ [3454/4729] Built equational_theories.Preorder (1.1s)
✔ [3455/4729] Built equational_theories.FreeComm (1.1s)
✔ [3456/4729] Built equational_theories.EquationLawConversion (1.2s)
✔ [3457/4729] Built equational_theories.Completeness (1.2s)
✔ [3458/4729] Built equational_theories.MagmaOp (1.1s)
✔ [3459/4729] Built equational_theories.LiftingMagmaFamilies (1.4s)
✔ [3460/4729] Built equational_theories.Definability.Basic (1.5s)
✔ [3461/4729] Built equational_theories.ParseImplications (1.6s)
✔ [3462/4729] Built equational_theories.Equations.Command (1.6s)
✔ [3463/4729] Built equational_theories.Compactness (1.6s)
✔ [3464/4729] Built equational_theories.OrderMetatheorem (1.7s)
✔ [3465/4729] Built equational_theories.Equations.Basic (1.6s)
✔ [3466/4729] Built equational_theories.EquationalResult (1.9s)
✔ [3467/4729] Built equational_theories.Duals.Command (1.6s)
✔ [3468/4729] Built equational_theories.Duals.Basic (1.8s)
✔ [3469/4729] Built equational_theories.FreeSemigroup (2.3s)
✔ [3470/4729] Built equational_theories.Closure (4.1s)
✔ [3471/4729] Built equational_theories.Equations.Eqns4000_4694 (6.0s)
✔ [3472/4729] Built equational_theories.Equations.Eqns1_999 (7.4s)
✔ [3473/4729] Built equational_theories.Equations.Eqns3000_3999 (7.7s)
✔ [3474/4729] Built equational_theories.Equations.Eqns1000_1999 (7.8s)
✔ [3475/4729] Built equational_theories.Equations.Eqns2000_2999 (7.9s)
✔ [3476/4729] Built equational_theories.Equations.All (1.0s)
✔ [3477/4729] Built equational_theories.Conjectures (2.3s)
✔ [3478/4729] Built equational_theories.ManuallyProved.Equation467 (2.6s)
✔ [3479/4729] Built equational_theories.ManuallyProved.Equation1117 (3.0s)
✔ [3480/4729] Built equational_theories.ManuallyProved.Equation1437 (3.3s)
✔ [3481/4729] Built equational_theories.ManuallyProved.Equation1441 (3.8s)
✔ [3482/4729] Built equational_theories.Generated.InvariantMetatheoremNonimplications.instLiftingMagmaFamilyRightProj_counterexamples (4.1s)
✔ [3483/4729] Built equational_theories.ManuallyProved.Equation1133 (4.1s)
✔ [3484/4729] Built equational_theories.Subgraph (10s)
✔ [3485/4729] Built equational_theories.ManuallyProved.Equation1447 (5.3s)
✔ [3486/4729] Built equational_theories.Generated.InvariantMetatheoremNonimplications.instLiftingMagmaFamilyList_counterexamples (3.0s)
⚠ [3487/4729] Built equational_theories.Confluence (3.9s)
warning: equational_theories/Confluence.lean:170:23: This simp argument is unused:
  Everywhere

Hint: Omit it from the simp argument list.
  simp only [NF, bu,̵ ̵E̵v̵e̵r̵y̵w̵h̵e̵r̵e̵]

Note: This linter can be disabled with `set_option linter.unusedSimpArgs false`
✔ [3488/4729] Built equational_theories.Asterix (14s)
✔ [3489/4729] Built equational_theories.Generated.InvariantMetatheoremNonimplications.instLiftingMagmaFamilyLeftProj_counterexamples (3.8s)
✔ [3490/4729] Built equational_theories.Generated.InvariantMetatheoremNonimplications.instLiftingMagmaFamilyMultiset_counterexamples (7.8s)
⚠ [3491/4729] Built equational_theories.ManuallyProved.Equation3308 (13s)
warning: equational_theories/ManuallyProved/Equation3308.lean:171:71: `Finset.toSet` has been deprecated: Use `SetLike.coe` instead

Note: The updated constant has a different type:
  {A : Type u_1} → {B : outParam (Type u_2)} → [self : SetLike A B] → A → Set B
instead of
  {α : Type u_1} → Finset α → Set α

Note: The updated constant is in a different namespace. Dot notation may need to be changed (e.g., from `x.toSet` to `SetLike.coe x`).
warning: equational_theories/ManuallyProved/Equation3308.lean:390:71: `Finset.toSet` has been deprecated: Use `SetLike.coe` instead

Note: The updated constant has a different type:
  {A : Type u_1} → {B : outParam (Type u_2)} → [self : SetLike A B] → A → Set B
instead of
  {α : Type u_1} → Finset α → Set α

Note: The updated constant is in a different namespace. Dot notation may need to be changed (e.g., from `x.toSet` to `SetLike.coe x`).
warning: equational_theories/ManuallyProved/Equation3308.lean:562:71: `Finset.toSet` has been deprecated: Use `SetLike.coe` instead

Note: The updated constant has a different type:
  {A : Type u_1} → {B : outParam (Type u_2)} → [self : SetLike A B] → A → Set B
instead of
  {α : Type u_1} → Finset α → Set α

Note: The updated constant is in a different namespace. Dot notation may need to be changed (e.g., from `x.toSet` to `SetLike.coe x`).
⚠ [3492/4729] Built equational_theories.ManuallyProved.Equation1729.ExtensionTheorem (8.3s)
warning: equational_theories/ManuallyProved/Equation1729/ExtensionTheorem.lean:105:50: This simp argument is unused:
  Sum.inl.injEq

Hint: Omit it from the simp argument list.
  simp [E.axiom_5, E.axiom_6, S̵u̵m̵.̵i̵n̵l̵.̵i̵n̵j̵E̵q̵,̵ ̵← E.left_map_SM]

Note: This linter can be disabled with `set_option linter.unusedSimpArgs false`
warning: equational_theories/ManuallyProved/Equation1729/ExtensionTheorem.lean:112:44: This simp argument is unused:
  hxy'

Hint: Omit it from the simp argument list.
  simp_all [h̵x̵y̵'̵,̵ ̵E.axiom_5]

Note: This linter can be disabled with `set_option linter.unusedSimpArgs false`
✔ [3493/4729] Built equational_theories.ManuallyProved.Equation1648 (14s)
⚠ [3494/4729] Built equational_theories.ManuallyProved.Equation1518 (12s)
warning: equational_theories/ManuallyProved/Equation1518.lean:66:13: This simp argument is unused:
  old

Hint: Omit it from the simp argument list.
  simp only [o̵l̵d̵,̵ ̵Finset.mem_biUnion, Set.Finite.mem_toFinset, Set.mem_setOf_eq, Prod.exists]

Note: This linter can be disabled with `set_option linter.unusedSimpArgs false`
warning: equational_theories/ManuallyProved/Equation1518.lean:222:29: This simp argument is unused:
  Prod.forall

Hint: Omit it from the simp argument list.
  simp only [Subtype.exists,̵ ̵P̵r̵o̵d̵.̵f̵o̵r̵a̵l̵l̵] at h3

Note: This linter can be disabled with `set_option linter.unusedSimpArgs false`
⚠ [3495/4729] Built equational_theories.ManuallyProved.Equation1526 (14s)
warning: equational_theories/ManuallyProved/Equation1526.lean:67:13: This simp argument is unused:
  old

Hint: Omit it from the simp argument list.
  simp only [o̵l̵d̵,̵ ̵Finset.mem_biUnion, Set.Finite.mem_toFinset, Set.mem_setOf_eq, Prod.exists]

Note: This linter can be disabled with `set_option linter.unusedSimpArgs false`
warning: equational_theories/ManuallyProved/Equation1526.lean:191:8: This simp argument is unused:
  mul_right_inj

Hint: Omit it from the simp argument list.
  simp only [Set.fmap_eq_image, Set.mem_image, Set.mem_setOf_eq, Prod.mk.injEq, mul_left_inj,
          m̵u̵l̵_̵r̵i̵g̵h̵t̵_̵i̵n̵j̵,̵ ̵and_self, Prod.exists, exists_and_right, exists_eq_right]

Note: This linter can be disabled with `set_option linter.unusedSimpArgs false`
warning: equational_theories/ManuallyProved/Equation1526.lean:191:23: This simp argument is unused:
  and_self

Hint: Omit it from the simp argument list.
  simp only [Set.fmap_eq_image, Set.mem_image, Set.mem_setOf_eq, Prod.mk.injEq, mul_left_inj,
          mul_right_inj, a̵n̵d̵_̵s̵e̵l̵f̵,̵ ̵Prod.exists, exists_and_right, exists_eq_right]

Note: This linter can be disabled with `set_option linter.unusedSimpArgs false`
warning: equational_theories/ManuallyProved/Equation1526.lean:191:33: This simp argument is unused:
  Prod.exists

Hint: Omit it from the simp argument list.
  simp only [Set.fmap_eq_image, Set.mem_image, Set.mem_setOf_eq, Prod.mk.injEq, mul_left_inj,
          mul_right_inj, and_self, P̵r̵o̵d̵.̵exists,̵ ̵e̵x̵i̵s̵t̵s̵_and_right, exists_eq_right]

Note: This linter can be disabled with `set_option linter.unusedSimpArgs false`
warning: equational_theories/ManuallyProved/Equation1526.lean:191:46: This simp argument is unused:
  exists_and_right

Hint: Omit it from the simp argument list.
  simp only [Set.fmap_eq_image, Set.mem_image, Set.mem_setOf_eq, Prod.mk.injEq, mul_left_inj,
          mul_right_inj, and_self, Prod.exists, exists_a̵n̵d̵_̵r̵i̵g̵h̵t̵,̵ ̵ex̵i̵s̵t̵s̵_̵e̵q_right]

Note: This linter can be disabled with `set_option linter.unusedSimpArgs false`
warning: equational_theories/ManuallyProved/Equation1526.lean:191:64: This simp argument is unused:
  exists_eq_right

Hint: Omit it from the simp argument list.
  simp only [Set.fmap_eq_image, Set.mem_image, Set.mem_setOf_eq, Prod.mk.injEq, mul_left_inj,
          mul_right_inj, and_self, Prod.exists, exists_and_right,̵ ̵e̵x̵i̵s̵t̵s̵_̵e̵q̵_̵r̵i̵g̵h̵t̵]

Note: This linter can be disabled with `set_option linter.unusedSimpArgs false`
warning: equational_theories/ManuallyProved/Equation1526.lean:215:29: This simp argument is unused:
  Prod.forall

Hint: Omit it from the simp argument list.
  simp only [Subtype.exists,̵ ̵P̵r̵o̵d̵.̵f̵o̵r̵a̵l̵l̵] at h3

Note: This linter can be disabled with `set_option linter.unusedSimpArgs false`
✔ [3496/4729] Built equational_theories.ManuallyProved.Equation1323 (17s)
⚠ [3497/4729] Built equational_theories.ManuallyProved.Equation73 (13s)
warning: equational_theories/ManuallyProved/Equation73.lean:66:13: This simp argument is unused:
  old

Hint: Omit it from the simp argument list.
  simp only [o̵l̵d̵,̵ ̵Finset.mem_biUnion, Set.Finite.mem_toFinset, Set.mem_setOf_eq, Prod.exists]

Note: This linter can be disabled with `set_option linter.unusedSimpArgs false`
warning: equational_theories/ManuallyProved/Equation73.lean:181:84: This simp argument is unused:
  mul_left_inj

Hint: Omit it from the simp argument list.
  simp only [Set.fmap_eq_image, Set.mem_image, Set.mem_setOf_eq, Prod.mk.injEq, mul_l̵e̵f̵t̵_̵i̵n̵j̵,̵
  ̵ ̵ ̵ ̵ ̵ ̵ ̵ ̵ ̵m̵u̵l̵_̵right_inj,
  ̲  ̲ ̲ ̲ ̲ ̲ ̲ ̲and_self, Prod.exists, exists_and_right, exists_eq_right]

Note: This linter can be disabled with `set_option linter.unusedSimpArgs false`
warning: equational_theories/ManuallyProved/Equation73.lean:182:8: This simp argument is unused:
  mul_right_inj

Hint: Omit it from the simp argument list.
  simp only [Set.fmap_eq_image, Set.mem_image, Set.mem_setOf_eq, Prod.mk.injEq, mul_left_inj,
          m̵u̵l̵_̵r̵i̵g̵h̵t̵_̵i̵n̵j̵,̵ ̵and_self, Prod.exists, exists_and_right, exists_eq_right]

Note: This linter can be disabled with `set_option linter.unusedSimpArgs false`
warning: equational_theories/ManuallyProved/Equation73.lean:182:23: This simp argument is unused:
  and_self

Hint: Omit it from the simp argument list.
  simp only [Set.fmap_eq_image, Set.mem_image, Set.mem_setOf_eq, Prod.mk.injEq, mul_left_inj,
          mul_right_inj, a̵n̵d̵_̵s̵e̵l̵f̵,̵ ̵Prod.exists, exists_and_right, exists_eq_right]

Note: This linter can be disabled with `set_option linter.unusedSimpArgs false`
warning: equational_theories/ManuallyProved/Equation73.lean:182:33: This simp argument is unused:
  Prod.exists

Hint: Omit it from the simp argument list.
  simp only [Set.fmap_eq_image, Set.mem_image, Set.mem_setOf_eq, Prod.mk.injEq, mul_left_inj,
          mul_right_inj, and_self, P̵r̵o̵d̵.̵exists,̵ ̵e̵x̵i̵s̵t̵s̵_and_right, exists_eq_right]

Note: This linter can be disabled with `set_option linter.unusedSimpArgs false`
warning: equational_theories/ManuallyProved/Equation73.lean:182:46: This simp argument is unused:
  exists_and_right

Hint: Omit it from the simp argument list.
  simp only [Set.fmap_eq_image, Set.mem_image, Set.mem_setOf_eq, Prod.mk.injEq, mul_left_inj,
          mul_right_inj, and_self, Prod.exists, exists_a̵n̵d̵_̵r̵i̵g̵h̵t̵,̵ ̵ex̵i̵s̵t̵s̵_̵e̵q_right]

Note: This linter can be disabled with `set_option linter.unusedSimpArgs false`
warning: equational_theories/ManuallyProved/Equation73.lean:182:64: This simp argument is unused:
  exists_eq_right

Hint: Omit it from the simp argument list.
  simp only [Set.fmap_eq_image, Set.mem_image, Set.mem_setOf_eq, Prod.mk.injEq, mul_left_inj,
          mul_right_inj, and_self, Prod.exists, exists_and_right,̵ ̵e̵x̵i̵s̵t̵s̵_̵e̵q̵_̵r̵i̵g̵h̵t̵]

Note: This linter can be disabled with `set_option linter.unusedSimpArgs false`
warning: equational_theories/ManuallyProved/Equation73.lean:206:29: This simp argument is unused:
  Prod.forall

Hint: Omit it from the simp argument list.
  simp only [Subtype.exists,̵ ̵P̵r̵o̵d̵.̵f̵o̵r̵a̵l̵l̵] at h3

Note: This linter can be disabled with `set_option linter.unusedSimpArgs false`
✔ [3498/4729] Built equational_theories.Duals.All (22s)
⚠ [3499/4729] Built equational_theories.ManuallyProved.Equation1516 (30s)
warning: equational_theories/ManuallyProved/Equation1516.lean:300:66: `Option.iget` has been deprecated: Use `Option.get!` (which will panic on `none`) or `Option.getD` (which takes an explicit default value).
warning: equational_theories/ManuallyProved/Equation1516.lean:303:85: `Option.iget` has been deprecated: Use `Option.get!` (which will panic on `none`) or `Option.getD` (which takes an explicit default value).
warning: equational_theories/ManuallyProved/Equation1516.lean:303:111: `Option.iget` has been deprecated: Use `Option.get!` (which will panic on `none`) or `Option.getD` (which takes an explicit default value).
warning: equational_theories/ManuallyProved/Equation1516.lean:305:10: `Option.iget_mem` has been deprecated: Use `Option.get` with proof of `isSome`.
warning: equational_theories/ManuallyProved/Equation1516.lean:308:10: `Option.iget_mem` has been deprecated: Use `Option.get` with proof of `isSome`.
warning: equational_theories/ManuallyProved/Equation1516.lean:1205:37: `Finset.toSet` has been deprecated: Use `SetLike.coe` instead

Note: The updated constant has a different type:
  {A : Type u_1} → {B : outParam (Type u_2)} → [self : SetLike A B] → A → Set B
instead of
  {α : Type u_1} → Finset α → Set α

Note: The updated constant is in a different namespace. Dot notation may need to be changed (e.g., from `x.toSet` to `SetLike.coe x`).
warning: equational_theories/ManuallyProved/Equation1516.lean:1682:27: `Finset.toSet` has been deprecated: Use `SetLike.coe` instead

Note: The updated constant has a different type:
  {A : Type u_1} → {B : outParam (Type u_2)} → [self : SetLike A B] → A → Set B
instead of
  {α : Type u_1} → Finset α → Set α

Note: The updated constant is in a different namespace. Dot notation may need to be changed (e.g., from `x.toSet` to `SetLike.coe x`).
warning: equational_theories/ManuallyProved/Equation1516.lean:1916:43: This simp argument is unused:
  exists_eq_right

Hint: Omit it from the simp argument list.
  simp only [Set.mem_image, Prod.exists,̵ ̵e̵x̵i̵s̵t̵s̵_̵e̵q̵_̵r̵i̵g̵h̵t̵] at ha

Note: This linter can be disabled with `set_option linter.unusedSimpArgs false`
warning: equational_theories/ManuallyProved/Equation1516.lean:1920:43: This simp argument is unused:
  exists_eq_right

Hint: Omit it from the simp argument list.
  simp only [Set.mem_image, Prod.exists,̵ ̵e̵x̵i̵s̵t̵s̵_̵e̵q̵_̵r̵i̵g̵h̵t̵]

Note: This linter can be disabled with `set_option linter.unusedSimpArgs false`
warning: equational_theories/ManuallyProved/Equation1516.lean:1928:31: `Finset.toSet` has been deprecated: Use `SetLike.coe` instead

Note: The updated constant has a different type:
  {A : Type u_1} → {B : outParam (Type u_2)} → [self : SetLike A B] → A → Set B
instead of
  {α : Type u_1} → Finset α → Set α

Note: The updated constant is in a different namespace. Dot notation may need to be changed (e.g., from `x.toSet` to `SetLike.coe x`).
warning: equational_theories/ManuallyProved/Equation1516.lean:1929:30: `Finset.toSet` has been deprecated: Use `SetLike.coe` instead

Note: The updated constant has a different type:
  {A : Type u_1} → {B : outParam (Type u_2)} → [self : SetLike A B] → A → Set B
instead of
  {α : Type u_1} → Finset α → Set α

Note: The updated constant is in a different namespace. Dot notation may need to be changed (e.g., from `x.toSet` to `SetLike.coe x`).
warning: equational_theories/ManuallyProved/Equation1516.lean:1937:31: `Finset.toSet` has been deprecated: Use `SetLike.coe` instead

Note: The updated constant has a different type:
  {A : Type u_1} → {B : outParam (Type u_2)} → [self : SetLike A B] → A → Set B
instead of
  {α : Type u_1} → Finset α → Set α

Note: The updated constant is in a different namespace. Dot notation may need to be changed (e.g., from `x.toSet` to `SetLike.coe x`).
warning: equational_theories/ManuallyProved/Equation1516.lean:1938:30: `Finset.toSet` has been deprecated: Use `SetLike.coe` instead

Note: The updated constant has a different type:
  {A : Type u_1} → {B : outParam (Type u_2)} → [self : SetLike A B] → A → Set B
instead of
  {α : Type u_1} → Finset α → Set α

Note: The updated constant is in a different namespace. Dot notation may need to be changed (e.g., from `x.toSet` to `SetLike.coe x`).
✔ [3500/4729] Built equational_theories.Generated.VampireProven.Proofs1 (23s)
✔ [3501/4729] Built equational_theories.Generated.VampireProven.Proofs2 (23s)
✔ [3502/4729] Built equational_theories.Generated.VampireProven.Proofs8 (16s)
✔ [3503/4729] Built equational_theories.Equations.LawsComplete (28s)
✔ [3504/4729] Built equational_theories.Generated.VampireProven.Proofs4 (22s)
✔ [3505/4729] Built equational_theories.Generated.VampireProven.Proofs3 (19s)
✔ [3506/4729] Built equational_theories.Generated.VampireProven.Proofs10 (13s)
✔ [3507/4729] Built equational_theories.Generated.VampireProven.Proofs5 (21s)
✔ [3508/4729] Built equational_theories.Definability.Simple (2.8s)
✔ [3509/4729] Built equational_theories.Generated.VampireProven.Proofs7 (25s)
✔ [3510/4729] Built equational_theories.ManuallyProved.Equation63 (34s)
✔ [3511/4729] Built equational_theories.Generated.InvariantMetatheoremNonimplications.instLiftingMagmaFamilyFinset_counterexamples (40s)
✔ [3512/4729] Built equational_theories.Generated.VampireProven.Proofs6 (20s)
⚠ [3513/4729] Built equational_theories.ManuallyProved.Equation1289 (8.6s)
warning: equational_theories/ManuallyProved/Equation1289.lean:121:71: `Finset.toSet` has been deprecated: Use `SetLike.coe` instead

Note: The updated constant has a different type:
  {A : Type u_1} → {B : outParam (Type u_2)} → [self : SetLike A B] → A → Set B
instead of
  {α : Type u_1} → Finset α → Set α

Note: The updated constant is in a different namespace. Dot notation may need to be changed (e.g., from `x.toSet` to `SetLike.coe x`).
warning: equational_theories/ManuallyProved/Equation1289.lean:238:71: `Finset.toSet` has been deprecated: Use `SetLike.coe` instead

Note: The updated constant has a different type:
  {A : Type u_1} → {B : outParam (Type u_2)} → [self : SetLike A B] → A → Set B
instead of
  {α : Type u_1} → Finset α → Set α

Note: The updated constant is in a different namespace. Dot notation may need to be changed (e.g., from `x.toSet` to `SetLike.coe x`).
✔ [3514/4729] Built equational_theories.ManuallyProved.Equation677 (3.1s)
⚠ [3515/4729] Built equational_theories.ManuallyProved.Equation713 (8.0s)
warning: equational_theories/ManuallyProved/Equation713.lean:105:71: `Finset.toSet` has been deprecated: Use `SetLike.coe` instead

Note: The updated constant has a different type:
  {A : Type u_1} → {B : outParam (Type u_2)} → [self : SetLike A B] → A → Set B
instead of
  {α : Type u_1} → Finset α → Set α

Note: The updated constant is in a different namespace. Dot notation may need to be changed (e.g., from `x.toSet` to `SetLike.coe x`).
warning: equational_theories/ManuallyProved/Equation713.lean:208:71: `Finset.toSet` has been deprecated: Use `SetLike.coe` instead

Note: The updated constant has a different type:
  {A : Type u_1} → {B : outParam (Type u_2)} → [self : SetLike A B] → A → Set B
instead of
  {α : Type u_1} → Finset α → Set α

Note: The updated constant is in a different namespace. Dot notation may need to be changed (e.g., from `x.toSet` to `SetLike.coe x`).
✔ [3516/4729] Built equational_theories.WeakCentralGroupoids (13s)
✔ [3517/4729] Built equational_theories.Generated.VampireProven.Proofs11 (21s)
✔ [3518/4729] Built equational_theories.ThreeC2 (5.5s)
⚠ [3519/4729] Built equational_theories.ManuallyProved.Equation917 (14s)
warning: equational_theories/ManuallyProved/Equation917.lean:64:13: This simp argument is unused:
  old

Hint: Omit it from the simp argument list.
  simp only [o̵l̵d̵,̵ ̵Finset.mem_biUnion, Set.Finite.mem_toFinset, Set.mem_setOf_eq, Prod.exists]

Note: This linter can be disabled with `set_option linter.unusedSimpArgs false`
warning: equational_theories/ManuallyProved/Equation917.lean:192:84: This simp argument is unused:
  mul_left_inj

Hint: Omit it from the simp argument list.
  simp only [Set.fmap_eq_image, Set.mem_image, Set.mem_setOf_eq, Prod.mk.injEq, mul_l̵e̵f̵t̵_̵i̵n̵j̵,̵
  ̵ ̵ ̵ ̵ ̵ ̵ ̵ ̵ ̵m̵u̵l̵_̵right_inj,
  ̲  ̲ ̲ ̲ ̲ ̲ ̲ ̲and_self, Prod.exists, exists_and_right, exists_eq_right]

Note: This linter can be disabled with `set_option linter.unusedSimpArgs false`
warning: equational_theories/ManuallyProved/Equation917.lean:193:8: This simp argument is unused:
  mul_right_inj

Hint: Omit it from the simp argument list.
  simp only [Set.fmap_eq_image, Set.mem_image, Set.mem_setOf_eq, Prod.mk.injEq, mul_left_inj,
          m̵u̵l̵_̵r̵i̵g̵h̵t̵_̵i̵n̵j̵,̵ ̵and_self, Prod.exists, exists_and_right, exists_eq_right]

Note: This linter can be disabled with `set_option linter.unusedSimpArgs false`
warning: equational_theories/ManuallyProved/Equation917.lean:193:23: This simp argument is unused:
  and_self

Hint: Omit it from the simp argument list.
  simp only [Set.fmap_eq_image, Set.mem_image, Set.mem_setOf_eq, Prod.mk.injEq, mul_left_inj,
          mul_right_inj, a̵n̵d̵_̵s̵e̵l̵f̵,̵ ̵Prod.exists, exists_and_right, exists_eq_right]

Note: This linter can be disabled with `set_option linter.unusedSimpArgs false`
warning: equational_theories/ManuallyProved/Equation917.lean:193:33: This simp argument is unused:
  Prod.exists

Hint: Omit it from the simp argument list.
  simp only [Set.fmap_eq_image, Set.mem_image, Set.mem_setOf_eq, Prod.mk.injEq, mul_left_inj,
          mul_right_inj, and_self, P̵r̵o̵d̵.̵exists,̵ ̵e̵x̵i̵s̵t̵s̵_and_right, exists_eq_right]

Note: This linter can be disabled with `set_option linter.unusedSimpArgs false`
warning: equational_theories/ManuallyProved/Equation917.lean:193:46: This simp argument is unused:
  exists_and_right

Hint: Omit it from the simp argument list.
  simp only [Set.fmap_eq_image, Set.mem_image, Set.mem_setOf_eq, Prod.mk.injEq, mul_left_inj,
          mul_right_inj, and_self, Prod.exists, exists_a̵n̵d̵_̵r̵i̵g̵h̵t̵,̵ ̵ex̵i̵s̵t̵s̵_̵e̵q_right]

Note: This linter can be disabled with `set_option linter.unusedSimpArgs false`
warning: equational_theories/ManuallyProved/Equation917.lean:193:64: This simp argument is unused:
  exists_eq_right

Hint: Omit it from the simp argument list.
  simp only [Set.fmap_eq_image, Set.mem_image, Set.mem_setOf_eq, Prod.mk.injEq, mul_left_inj,
          mul_right_inj, and_self, Prod.exists, exists_and_right,̵ ̵e̵x̵i̵s̵t̵s̵_̵e̵q̵_̵r̵i̵g̵h̵t̵]

Note: This linter can be disabled with `set_option linter.unusedSimpArgs false`
warning: equational_theories/ManuallyProved/Equation917.lean:218:29: This simp argument is unused:
  Prod.forall

Hint: Omit it from the simp argument list.
  simp only [Subtype.exists,̵ ̵P̵r̵o̵d̵.̵f̵o̵r̵a̵l̵l̵] at h3

Note: This linter can be disabled with `set_option linter.unusedSimpArgs false`
✔ [3520/4729] Built equational_theories.ManuallyProved.Equation1076 (14s)
⚠ [3521/4729] Built equational_theories.ManuallyProved.Equation1722 (17s)
warning: equational_theories/ManuallyProved/Equation1722.lean:146:71: `Finset.toSet` has been deprecated: Use `SetLike.coe` instead

Note: The updated constant has a different type:
  {A : Type u_1} → {B : outParam (Type u_2)} → [self : SetLike A B] → A → Set B
instead of
  {α : Type u_1} → Finset α → Set α

Note: The updated constant is in a different namespace. Dot notation may need to be changed (e.g., from `x.toSet` to `SetLike.coe x`).
warning: equational_theories/ManuallyProved/Equation1722.lean:261:71: `Finset.toSet` has been deprecated: Use `SetLike.coe` instead

Note: The updated constant has a different type:
  {A : Type u_1} → {B : outParam (Type u_2)} → [self : SetLike A B] → A → Set B
instead of
  {α : Type u_1} → Finset α → Set α

Note: The updated constant is in a different namespace. Dot notation may need to be changed (e.g., from `x.toSet` to `SetLike.coe x`).
✔ [3522/4729] Built equational_theories.Generated.VampireProven.Proofs9 (26s)
✔ [3523/4729] Built equational_theories.StringMagmas (3.2s)
✔ [3524/4729] Built equational_theories.ManuallyProved.Equation1659 (5.8s)
✔ [3525/4729] Built equational_theories.FiniteModel (6.5s)
✔ [3526/4729] Built equational_theories.Generated.VampireProven.Sheffer (16s)
⚠ [3527/4729] Built equational_theories.Generated.FiniteImplicationSearch.theorems.InversesManual (4.2s)
warning: equational_theories/Generated/FiniteImplicationSearch/theorems/InversesManual.lean:36:12: This simp argument is unused:
  S

Hint: Omit it from the simp argument list.
  simp ̵[̵S̵]̵

Note: This linter can be disabled with `set_option linter.unusedSimpArgs false`
warning: equational_theories/Generated/FiniteImplicationSearch/theorems/InversesManual.lean:44:13: This simp argument is unused:
  eq1443_implies_eq21374

Hint: Omit it from the simp argument list.
  simp only [̵e̵q̵1̵4̵4̵3̵_̵i̵m̵p̵l̵i̵e̵s̵_̵e̵q̵2̵1̵3̵7̵4̵,̵ ̵e̵q̵2̵1̵3̵7̵4̵_̵i̵m̵p̵l̵i̵e̵s̵_̵e̵q̵1̵6̵3̵0̵]̵[̲e̲q̲2̲1̲3̲7̲4̲_̲i̲m̲p̲l̲i̲e̲s̲_̲e̲q̲1̲6̲3̲0̲]̲

Note: This linter can be disabled with `set_option linter.unusedSimpArgs false`
warning: equational_theories/Generated/FiniteImplicationSearch/theorems/InversesManual.lean:66:12: This simp argument is unused:
  S

Hint: Omit it from the simp argument list.
  simp ̵[̵S̵]̵

Note: This linter can be disabled with `set_option linter.unusedSimpArgs false`
warning: equational_theories/Generated/FiniteImplicationSearch/theorems/InversesManual.lean:74:13: This simp argument is unused:
  eq1447_implies_eq21413

Hint: Omit it from the simp argument list.
  simp only [̵e̵q̵1̵4̵4̵7̵_̵i̵m̵p̵l̵i̵e̵s̵_̵e̵q̵2̵1̵4̵1̵3̵,̵ ̵e̵q̵2̵1̵4̵1̵3̵_̵i̵m̵p̵l̵i̵e̵s̵_̵e̵q̵1̵4̵3̵1̵]̵[̲e̲q̲2̲1̲4̲1̲3̲_̲i̲m̲p̲l̲i̲e̲s̲_̲e̲q̲1̲4̲3̲1̲]̲

Note: This linter can be disabled with `set_option linter.unusedSimpArgs false`
warning: equational_theories/Generated/FiniteImplicationSearch/theorems/InversesManual.lean:96:12: This simp argument is unused:
  S

Hint: Omit it from the simp argument list.
  simp ̵[̵S̵]̵

Note: This linter can be disabled with `set_option linter.unusedSimpArgs false`
warning: equational_theories/Generated/FiniteImplicationSearch/theorems/InversesManual.lean:104:13: This simp argument is unused:
  eq1701_implies_eq24202

Hint: Omit it from the simp argument list.
  simp only [̵e̵q̵1̵7̵0̵1̵_̵i̵m̵p̵l̵i̵e̵s̵_̵e̵q̵2̵4̵2̵0̵2̵,̵ ̵e̵q̵2̵4̵2̵0̵2̵_̵i̵m̵p̵l̵i̵e̵s̵_̵1̵8̵8̵4̵]̵[̲e̲q̲2̲4̲2̲0̲2̲_̲i̲m̲p̲l̲i̲e̲s̲_̲1̲8̲8̲4̲]̲

Note: This linter can be disabled with `set_option linter.unusedSimpArgs false`
✔ [3528/4729] Built equational_theories.Generated.VampireProven.Proofs13 (21s)
✔ [3529/4729] Built equational_theories.Generated.Confluence.ManuallySampled (5.2s)
⚠ [3530/4729] Built equational_theories.Generated.FinSearch.theorems.Refutation4 (4.5s)
warning: equational_theories/Generated/FinSearch/theorems/Refutation4.lean:16:0: Definition `«FinSearch [[0,4,1,2,3], [3,1,0,4,2], [4,3,2,0,1], [1,2,4,3,0], [2,0,3,1,4]]»` of class type must be marked with `@[reducible]` or `@[implicit_reducible]`
⚠ [3531/4729] Built equational_theories.Generated.FinSearch.theorems.Refutation3 (3.3s)
warning: equational_theories/Generated/FinSearch/theorems/Refutation3.lean:16:0: Definition `«FinSearch [[3,4,1,2,0], [2,0,4,1,3], [0,1,2,3,4], [1,3,0,4,2], [4,2,3,0,1]]»` of class type must be marked with `@[reducible]` or `@[implicit_reducible]`
⚠ [3532/4729] Built equational_theories.Generated.FinSearch.theorems.Refutation5 (5.8s)
warning: equational_theories/Generated/FinSearch/theorems/Refutation5.lean:16:0: Definition `«FinSearch [[0,3,1,4,2], [3,1,4,2,0], [1,4,2,0,3], [4,2,0,3,1], [2,0,3,1,4]]»` of class type must be marked with `@[reducible]` or `@[implicit_reducible]`
⚠ [3533/4729] Built equational_theories.Z3Counterexamples (10s)
warning: equational_theories/Z3Counterexamples.lean:38:0: Definition `Z3Counterexamples.Magma834_10` of class type must be marked with `@[reducible]` or `@[implicit_reducible]`
warning: equational_theories/Z3Counterexamples.lean:48:0: Definition `Z3Counterexamples.Magma_2702_25` of class type must be marked with `@[reducible]` or `@[implicit_reducible]`
warning: equational_theories/Z3Counterexamples.lean:66:0: Definition `Z3Counterexamples.Magma_1460_3050` of class type must be marked with `@[reducible]` or `@[implicit_reducible]`
warning: equational_theories/Z3Counterexamples.lean:74:0: Definition `Z3Counterexamples.Magma_2227_411` of class type must be marked with `@[reducible]` or `@[implicit_reducible]`
✔ [3534/4729] Built equational_theories.Generated.Equation1 (2.9s)
⚠ [3535/4729] Built equational_theories.Generated.FinSearch.theorems.Refutation0 (3.4s)
warning: equational_theories/Generated/FinSearch/theorems/Refutation0.lean:16:0: Definition `«FinSearch [[1,3,2,4,0], [4,2,0,3,1], [0,4,3,1,2], [2,1,4,0,3], [3,0,1,2,4]]»` of class type must be marked with `@[reducible]` or `@[implicit_reducible]`
⚠ [3536/4729] Built equational_theories.Generated.FinSearch.theorems.Refutation2 (5.2s)
warning: equational_theories/Generated/FinSearch/theorems/Refutation2.lean:16:0: Definition `«FinSearch [[0,4,3,2,1], [2,1,0,4,3], [4,3,2,1,0], [1,0,4,3,2], [3,2,1,0,4]]»` of class type must be marked with `@[reducible]` or `@[implicit_reducible]`
⚠ [3537/4729] Built equational_theories.Generated.FinSearch.theorems.Refutation1 (3.7s)
warning: equational_theories/Generated/FinSearch/theorems/Refutation1.lean:16:0: Definition `«FinSearch [[4,2,0,3,1], [2,0,3,1,4], [0,3,1,4,2], [3,1,4,2,0], [1,4,2,0,3]]»` of class type must be marked with `@[reducible]` or `@[implicit_reducible]`
✔ [3538/4729] Built equational_theories.Generated.VampireProven.Proofs12 (26s)
✔ [3539/4729] Built equational_theories.Generated.MagmaEgg.small._018 (4.2s)
✔ [3540/4729] Built equational_theories.Generated.MagmaEgg.small._017 (5.7s)
✔ [3541/4729] Built equational_theories.Generated.MagmaEgg.small._016 (5.8s)
✔ [3542/4729] Built equational_theories.SmallMagmas (14s)
✔ [3543/4729] Built equational_theories.Generated.MagmaEgg.small._014 (5.5s)
✔ [3544/4729] Built equational_theories.Generated.MagmaEgg.small._015 (5.7s)
✔ [3545/4729] Built equational_theories.Generated.MagmaEgg.small._013 (5.6s)
✔ [3546/4729] Built equational_theories.Generated.MagmaEgg.small._011 (5.7s)
✔ [3547/4729] Built equational_theories.Generated.MagmaEgg.small._012 (6.1s)
✔ [3548/4729] Built equational_theories.Generated.MagmaEgg.small._010 (6.2s)
✔ [3549/4729] Built equational_theories.Generated.MagmaEgg.small._009 (5.2s)
✔ [3550/4729] Built equational_theories.Generated.MagmaEgg.small._008 (5.2s)
✔ [3551/4729] Built equational_theories.Generated.MagmaEgg.small._007 (5.5s)
✔ [3552/4729] Built equational_theories.Generated.MagmaEgg.small._005 (5.5s)
✔ [3553/4729] Built equational_theories.Generated.MagmaEgg.small._003 (5.4s)
✔ [3554/4729] Built equational_theories.LinearOps (24s)
✔ [3555/4729] Built equational_theories.Generated.MagmaEgg.small._006 (6.2s)
✔ [3556/4729] Built equational_theories.Generated.All4x4Tables.Refutation939 (3.1s)
✔ [3557/4729] Built equational_theories.Generated.MagmaEgg.small._004 (6.4s)
✔ [3558/4729] Built equational_theories.Generated.MagmaEgg.small._002 (6.0s)
⚠ [3559/4729] Built equational_theories.Obelix (77s)
warning: equational_theories/Obelix.lean:3:7: 'Mathlib.Computability.Primrec' has been deprecated: please replace this import by

import Mathlib.Computability.Primrec.List


Note: This linter can be disabled with `set_option linter.deprecated.module false`
✔ [3560/4729] Built equational_theories.Generated.MagmaEgg.small._001 (6.5s)
✔ [3561/4729] Built equational_theories.Generated.MagmaEgg.small._000 (6.5s)
✔ [3562/4729] Built equational_theories.Generated.All4x4Tables.Refutation937 (4.0s)
✔ [3563/4729] Built equational_theories.Generated.All4x4Tables.Refutation936 (4.2s)
✔ [3564/4729] Built equational_theories.Generated.All4x4Tables.Refutation935 (4.3s)
✔ [3565/4729] Built equational_theories.Generated.All4x4Tables.Refutation930 (3.1s)
✔ [3566/4729] Built equational_theories.Generated.All4x4Tables.Refutation931 (3.8s)
✔ [3567/4729] Built equational_theories.Generated.All4x4Tables.Refutation927 (2.7s)
✔ [3568/4729] Built equational_theories.Generated.All4x4Tables.Refutation928 (2.9s)
✔ [3569/4729] Built equational_theories.Generated.All4x4Tables.Refutation933 (6.2s)
✔ [3570/4729] Built equational_theories.Generated.All4x4Tables.Refutation925 (3.4s)
✔ [3571/4729] Built equational_theories.Generated.All4x4Tables.Refutation932 (7.3s)
⚠ [3572/4729] Built equational_theories.Generated.FiniteImplicationSearch.theorems.Inverses1 (28s)
warning: equational_theories/Generated/FiniteImplicationSearch/theorems/Inverses1.lean:27:12: This simp argument is unused:
  S

Hint: Omit it from the simp argument list.
  simp ̵[̵S̵]̵

Note: This linter can be disabled with `set_option linter.unusedSimpArgs false`
warning: equational_theories/Generated/FiniteImplicationSearch/theorems/Inverses1.lean:44:12: This simp argument is unused:
  S

Hint: Omit it from the simp argument list.
  simp ̵[̵S̵]̵

Note: This linter can be disabled with `set_option linter.unusedSimpArgs false`
warning: equational_theories/Generated/FiniteImplicationSearch/theorems/Inverses1.lean:78:12: This simp argument is unused:
  S

Hint: Omit it from the simp argument list.
  simp ̵[̵S̵]̵

Note: This linter can be disabled with `set_option linter.unusedSimpArgs false`
warning: equational_theories/Generated/FiniteImplicationSearch/theorems/Inverses1.lean:105:12: This simp argument is unused:
  S

Hint: Omit it from the simp argument list.
  simp ̵[̵S̵]̵

Note: This linter can be disabled with `set_option linter.unusedSimpArgs false`
warning: equational_theories/Generated/FiniteImplicationSearch/theorems/Inverses1.lean:132:12: This simp argument is unused:
  S

Hint: Omit it from the simp argument list.
  simp ̵[̵S̵]̵

Note: This linter can be disabled with `set_option linter.unusedSimpArgs false`
warning: equational_theories/Generated/FiniteImplicationSearch/theorems/Inverses1.lean:159:12: This simp argument is unused:
  S

Hint: Omit it from the simp argument list.
  simp ̵[̵S̵]̵

Note: This linter can be disabled with `set_option linter.unusedSimpArgs false`
warning: equational_theories/Generated/FiniteImplicationSearch/theorems/Inverses1.lean:176:12: This simp argument is unused:
  S

Hint: Omit it from the simp argument list.
  simp ̵[̵S̵]̵

Note: This linter can be disabled with `set_option linter.unusedSimpArgs false`
warning: equational_theories/Generated/FiniteImplicationSearch/theorems/Inverses1.lean:209:12: This simp argument is unused:
  S

Hint: Omit it from the simp argument list.
  simp ̵[̵S̵]̵

Note: This linter can be disabled with `set_option linter.unusedSimpArgs false`
warning: equational_theories/Generated/FiniteImplicationSearch/theorems/Inverses1.lean:239:12: This simp argument is unused:
  S

Hint: Omit it from the simp argument list.
  simp ̵[̵S̵]̵

Note: This linter can be disabled with `set_option linter.unusedSimpArgs false`
warning: equational_theories/Generated/FiniteImplicationSearch/theorems/Inverses1.lean:266:12: This simp argument is unused:
  S

Hint: Omit it from the simp argument list.
  simp ̵[̵S̵]̵

Note: This linter can be disabled with `set_option linter.unusedSimpArgs false`
warning: equational_theories/Generated/FiniteImplicationSearch/theorems/Inverses1.lean:293:12: This simp argument is unused:
  S

Hint: Omit it from the simp argument list.
  simp ̵[̵S̵]̵

Note: This linter can be disabled with `set_option linter.unusedSimpArgs false`
warning: equational_theories/Generated/FiniteImplicationSearch/theorems/Inverses1.lean:321:12: This simp argument is unused:
  S

Hint: Omit it from the simp argument list.
  simp ̵[̵S̵]̵

Note: This linter can be disabled with `set_option linter.unusedSimpArgs false`
warning: equational_theories/Generated/FiniteImplicationSearch/theorems/Inverses1.lean:349:12: This simp argument is unused:
  S

Hint: Omit it from the simp argument list.
  simp ̵[̵S̵]̵

Note: This linter can be disabled with `set_option linter.unusedSimpArgs false`
warning: equational_theories/Generated/FiniteImplicationSearch/theorems/Inverses1.lean:376:12: This simp argument is unused:
  S

Hint: Omit it from the simp argument list.
  simp ̵[̵S̵]̵

Note: This linter can be disabled with `set_option linter.unusedSimpArgs false`
warning: equational_theories/Generated/FiniteImplicationSearch/theorems/Inverses1.lean:404:12: This simp argument is unused:
  S

Hint: Omit it from the simp argument list.
  simp ̵[̵S̵]̵

Note: This linter can be disabled with `set_option linter.unusedSimpArgs false`
warning: equational_theories/Generated/FiniteImplicationSearch/theorems/Inverses1.lean:433:12: This simp argument is unused:
  S

Hint: Omit it from the simp argument list.
  simp ̵[̵S̵]̵

Note: This linter can be disabled with `set_option linter.unusedSimpArgs false`
warning: equational_theories/Generated/FiniteImplicationSearch/theorems/Inverses1.lean:461:12: This simp argument is unused:
  S

Hint: Omit it from the simp argument list.
  simp ̵[̵S̵]̵

Note: This linter can be disabled with `set_option linter.unusedSimpArgs false`
warning: equational_theories/Generated/FiniteImplicationSearch/theorems/Inverses1.lean:488:12: This simp argument is unused:
  S

Hint: Omit it from the simp argument list.
  simp ̵[̵S̵]̵

Note: This linter can be disabled with `set_option linter.unusedSimpArgs false`
warning: equational_theories/Generated/FiniteImplicationSearch/theorems/Inverses1.lean:516:12: This simp argument is unused:
  S

Hint: Omit it from the simp argument list.
  simp ̵[̵S̵]̵

Note: This linter can be disabled with `set_option linter.unusedSimpArgs false`
warning: equational_theories/Generated/FiniteImplicationSearch/theorems/Inverses1.lean:545:12: This simp argument is unused:
  S

Hint: Omit it from the simp argument list.
  simp ̵[̵S̵]̵

Note: This linter can be disabled with `set_option linter.unusedSimpArgs false`
warning: equational_theories/Generated/FiniteImplicationSearch/theorems/Inverses1.lean:575:12: This simp argument is unused:
  S

Hint: Omit it from the simp argument list.
  simp ̵[̵S̵]̵

Note: This linter can be disabled with `set_option linter.unusedSimpArgs false`
warning: equational_theories/Generated/FiniteImplicationSearch/theorems/Inverses1.lean:603:12: This simp argument is unused:
  S

Hint: Omit it from the simp argument list.
  simp ̵[̵S̵]̵

Note: This linter can be disabled with `set_option linter.unusedSimpArgs false`
warning: equational_theories/Generated/FiniteImplicationSearch/theorems/Inverses1.lean:631:12: This simp argument is unused:
  S

Hint: Omit it from the simp argument list.
  simp ̵[̵S̵]̵

Note: This linter can be disabled with `set_option linter.unusedSimpArgs false`
warning: equational_theories/Generated/FiniteImplicationSearch/theorems/Inverses1.lean:659:12: This simp argument is unused:
  S

Hint: Omit it from the simp argument list.
  simp ̵[̵S̵]̵

Note: This linter can be disabled with `set_option linter.unusedSimpArgs false`
warning: equational_theories/Generated/FiniteImplicationSearch/theorems/Inverses1.lean:686:12: This simp argument is unused:
  S

Hint: Omit it from the simp argument list.
  simp ̵[̵S̵]̵

Note: This linter can be disabled with `set_option linter.unusedSimpArgs false`
warning: equational_theories/Generated/FiniteImplicationSearch/theorems/Inverses1.lean:713:12: This simp argument is unused:
  S

Hint: Omit it from the simp argument list.
  simp ̵[̵S̵]̵

Note: This linter can be disabled with `set_option linter.unusedSimpArgs false`
warning: equational_theories/Generated/FiniteImplicationSearch/theorems/Inverses1.lean:740:12: This simp argument is unused:
  S

Hint: Omit it from the simp argument list.
  simp ̵[̵S̵]̵

Note: This linter can be disabled with `set_option linter.unusedSimpArgs false`
warning: equational_theories/Generated/FiniteImplicationSearch/theorems/Inverses1.lean:767:12: This simp argument is unused:
  S

Hint: Omit it from the simp argument list.
  simp ̵[̵S̵]̵

Note: This linter can be disabled with `set_option linter.unusedSimpArgs false`
warning: equational_theories/Generated/FiniteImplicationSearch/theorems/Inverses1.lean:795:12: This simp argument is unused:
  S

Hint: Omit it from the simp argument list.
  simp ̵[̵S̵]̵

Note: This linter can be disabled with `set_option linter.unusedSimpArgs false`
warning: equational_theories/Generated/FiniteImplicationSearch/theorems/Inverses1.lean:823:12: This simp argument is unused:
  S

Hint: Omit it from the simp argument list.
  simp ̵[̵S̵]̵

Note: This linter can be disabled with `set_option linter.unusedSimpArgs false`
warning: equational_theories/Generated/FiniteImplicationSearch/theorems/Inverses1.lean:850:12: This simp argument is unused:
  S

Hint: Omit it from the simp argument list.
  simp ̵[̵S̵]̵

Note: This linter can be disabled with `set_option linter.unusedSimpArgs false`
warning: equational_theories/Generated/FiniteImplicationSearch/theorems/Inverses1.lean:877:12: This simp argument is unused:
  S

Hint: Omit it from the simp argument list.
  simp ̵[̵S̵]̵

Note: This linter can be disabled with `set_option linter.unusedSimpArgs false`
warning: equational_theories/Generated/FiniteImplicationSearch/theorems/Inverses1.lean:907:12: This simp argument is unused:
  S

Hint: Omit it from the simp argument list.
  simp ̵[̵S̵]̵

Note: This linter can be disabled with `set_option linter.unusedSimpArgs false`
warning: equational_theories/Generated/FiniteImplicationSearch/theorems/Inverses1.lean:934:12: This simp argument is unused:
  S

Hint: Omit it from the simp argument list.
  simp ̵[̵S̵]̵

Note: This linter can be disabled with `set_option linter.unusedSimpArgs false`
warning: equational_theories/Generated/FiniteImplicationSearch/theorems/Inverses1.lean:961:12: This simp argument is unused:
  S

Hint: Omit it from the simp argument list.
  simp ̵[̵S̵]̵

Note: This linter can be disabled with `set_option linter.unusedSimpArgs false`
warning: equational_theories/Generated/FiniteImplicationSearch/theorems/Inverses1.lean:989:12: This simp argument is unused:
  S

Hint: Omit it from the simp argument list.
  simp ̵[̵S̵]̵

Note: This linter can be disabled with `set_option linter.unusedSimpArgs false`
warning: equational_theories/Generated/FiniteImplicationSearch/theorems/Inverses1.lean:1017:12: This simp argument is unused:
  S

Hint: Omit it from the simp argument list.
  simp ̵[̵S̵]̵

Note: This linter can be disabled with `set_option linter.unusedSimpArgs false`
warning: equational_theories/Generated/FiniteImplicationSearch/theorems/Inverses1.lean:1045:12: This simp argument is unused:
  S

Hint: Omit it from the simp argument list.
  simp ̵[̵S̵]̵

Note: This linter can be disabled with `set_option linter.unusedSimpArgs false`
warning: equational_theories/Generated/FiniteImplicationSearch/theorems/Inverses1.lean:1073:12: This simp argument is unused:
  S

Hint: Omit it from the simp argument list.
  simp ̵[̵S̵]̵

Note: This linter can be disabled with `set_option linter.unusedSimpArgs false`
warning: equational_theories/Generated/FiniteImplicationSearch/theorems/Inverses1.lean:1106:12: This simp argument is unused:
  S

Hint: Omit it from the simp argument list.
  simp ̵[̵S̵]̵

Note: This linter can be disabled with `set_option linter.unusedSimpArgs false`
warning: equational_theories/Generated/FiniteImplicationSearch/theorems/Inverses1.lean:1145:12: This simp argument is unused:
  S

Hint: Omit it from the simp argument list.
  simp ̵[̵S̵]̵

Note: This linter can be disabled with `set_option linter.unusedSimpArgs false`
warning: equational_theories/Generated/FiniteImplicationSearch/theorems/Inverses1.lean:1174:12: This simp argument is unused:
  S

Hint: Omit it from the simp argument list.
  simp ̵[̵S̵]̵

Note: This linter can be disabled with `set_option linter.unusedSimpArgs false`
warning: equational_theories/Generated/FiniteImplicationSearch/theorems/Inverses1.lean:1203:12: This simp argument is unused:
  S

Hint: Omit it from the simp argument list.
  simp ̵[̵S̵]̵

Note: This linter can be disabled with `set_option linter.unusedSimpArgs false`
warning: equational_theories/Generated/FiniteImplicationSearch/theorems/Inverses1.lean:1231:12: This simp argument is unused:
  S

Hint: Omit it from the simp argument list.
  simp ̵[̵S̵]̵

Note: This linter can be disabled with `set_option linter.unusedSimpArgs false`
warning: equational_theories/Generated/FiniteImplicationSearch/theorems/Inverses1.lean:1260:12: This simp argument is unused:
  S

Hint: Omit it from the simp argument list.
  simp ̵[̵S̵]̵

Note: This linter can be disabled with `set_option linter.unusedSimpArgs false`
warning: equational_theories/Generated/FiniteImplicationSearch/theorems/Inverses1.lean:1290:12: This simp argument is unused:
  S

Hint: Omit it from the simp argument list.
  simp ̵[̵S̵]̵

Note: This linter can be disabled with `set_option linter.unusedSimpArgs false`
warning: equational_theories/Generated/FiniteImplicationSearch/theorems/Inverses1.lean:1318:12: This simp argument is unused:
  S

Hint: Omit it from the simp argument list.
  simp ̵[̵S̵]̵

Note: This linter can be disabled with `set_option linter.unusedSimpArgs false`
warning: equational_theories/Generated/FiniteImplicationSearch/theorems/Inverses1.lean:1347:12: This simp argument is unused:
  S

Hint: Omit it from the simp argument list.
  simp ̵[̵S̵]̵

Note: This linter can be disabled with `set_option linter.unusedSimpArgs false`
warning: equational_theories/Generated/FiniteImplicationSearch/theorems/Inverses1.lean:1375:12: This simp argument is unused:
  S

Hint: Omit it from the simp argument list.
  simp ̵[̵S̵]̵

Note: This linter can be disabled with `set_option linter.unusedSimpArgs false`
warning: equational_theories/Generated/FiniteImplicationSearch/theorems/Inverses1.lean:1403:12: This simp argument is unused:
  S

Hint: Omit it from the simp argument list.
  simp ̵[̵S̵]̵

Note: This linter can be disabled with `set_option linter.unusedSimpArgs false`
warning: equational_theories/Generated/FiniteImplicationSearch/theorems/Inverses1.lean:1432:12: This simp argument is unused:
  S

Hint: Omit it from the simp argument list.
  simp ̵[̵S̵]̵

Note: This linter can be disabled with `set_option linter.unusedSimpArgs false`
warning: equational_theories/Generated/FiniteImplicationSearch/theorems/Inverses1.lean:1460:12: This simp argument is unused:
  S

Hint: Omit it from the simp argument list.
  simp ̵[̵S̵]̵

Note: This linter can be disabled with `set_option linter.unusedSimpArgs false`
warning: equational_theories/Generated/FiniteImplicationSearch/theorems/Inverses1.lean:1487:12: This simp argument is unused:
  S

Hint: Omit it from the simp argument list.
  simp ̵[̵S̵]̵

Note: This linter can be disabled with `set_option linter.unusedSimpArgs false`
warning: equational_theories/Generated/FiniteImplicationSearch/theorems/Inverses1.lean:1514:12: This simp argument is unused:
  S

Hint: Omit it from the simp argument list.
  simp ̵[̵S̵]̵

Note: This linter can be disabled with `set_option linter.unusedSimpArgs false`
warning: equational_theories/Generated/FiniteImplicationSearch/theorems/Inverses1.lean:1542:12: This simp argument is unused:
  S

Hint: Omit it from the simp argument list.
  simp ̵[̵S̵]̵

Note: This linter can be disabled with `set_option linter.unusedSimpArgs false`
warning: equational_theories/Generated/FiniteImplicationSearch/theorems/Inverses1.lean:1576:12: This simp argument is unused:
  S

Hint: Omit it from the simp argument list.
  simp ̵[̵S̵]̵

Note: This linter can be disabled with `set_option linter.unusedSimpArgs false`
warning: equational_theories/Generated/FiniteImplicationSearch/theorems/Inverses1.lean:1605:12: This simp argument is unused:
  S

Hint: Omit it from the simp argument list.
  simp ̵[̵S̵]̵

Note: This linter can be disabled with `set_option linter.unusedSimpArgs false`
warning: equational_theories/Generated/FiniteImplicationSearch/theorems/Inverses1.lean:1634:12: This simp argument is unused:
  S

Hint: Omit it from the simp argument list.
  simp ̵[̵S̵]̵

Note: This linter can be disabled with `set_option linter.unusedSimpArgs false`
warning: equational_theories/Generated/FiniteImplicationSearch/theorems/Inverses1.lean:1665:12: This simp argument is unused:
  S

Hint: Omit it from the simp argument list.
  simp ̵[̵S̵]̵

Note: This linter can be disabled with `set_option linter.unusedSimpArgs false`
warning: equational_theories/Generated/FiniteImplicationSearch/theorems/Inverses1.lean:1692:12: This simp argument is unused:
  S

Hint: Omit it from the simp argument list.
  simp ̵[̵S̵]̵

Note: This linter can be disabled with `set_option linter.unusedSimpArgs false`
warning: equational_theories/Generated/FiniteImplicationSearch/theorems/Inverses1.lean:1720:12: This simp argument is unused:
  S

Hint: Omit it from the simp argument list.
  simp ̵[̵S̵]̵

Note: This linter can be disabled with `set_option linter.unusedSimpArgs false`
warning: equational_theories/Generated/FiniteImplicationSearch/theorems/Inverses1.lean:1751:12: This simp argument is unused:
  S

Hint: Omit it from the simp argument list.
  simp ̵[̵S̵]̵

Note: This linter can be disabled with `set_option linter.unusedSimpArgs false`
warning: equational_theories/Generated/FiniteImplicationSearch/theorems/Inverses1.lean:1782:12: This simp argument is unused:
  S

Hint: Omit it from the simp argument list.
  simp ̵[̵S̵]̵

Note: This linter can be disabled with `set_option linter.unusedSimpArgs false`
warning: equational_theories/Generated/FiniteImplicationSearch/theorems/Inverses1.lean:1809:12: This simp argument is unused:
  S

Hint: Omit it from the simp argument list.
  simp ̵[̵S̵]̵

Note: This linter can be disabled with `set_option linter.unusedSimpArgs false`
warning: equational_theories/Generated/FiniteImplicationSearch/theorems/Inverses1.lean:1836:12: This simp argument is unused:
  S

Hint: Omit it from the simp argument list.
  simp ̵[̵S̵]̵

Note: This linter can be disabled with `set_option linter.unusedSimpArgs false`
warning: equational_theories/Generated/FiniteImplicationSearch/theorems/Inverses1.lean:1863:12: This simp argument is unused:
  S

Hint: Omit it from the simp argument list.
  simp ̵[̵S̵]̵

Note: This linter can be disabled with `set_option linter.unusedSimpArgs false`
warning: equational_theories/Generated/FiniteImplicationSearch/theorems/Inverses1.lean:1892:12: This simp argument is unused:
  S

Hint: Omit it from the simp argument list.
  simp ̵[̵S̵]̵

Note: This linter can be disabled with `set_option linter.unusedSimpArgs false`
warning: equational_theories/Generated/FiniteImplicationSearch/theorems/Inverses1.lean:1909:12: This simp argument is unused:
  S

Hint: Omit it from the simp argument list.
  simp ̵[̵S̵]̵

Note: This linter can be disabled with `set_option linter.unusedSimpArgs false`
warning: equational_theories/Generated/FiniteImplicationSearch/theorems/Inverses1.lean:1949:12: This simp argument is unused:
  S

Hint: Omit it from the simp argument list.
  simp ̵[̵S̵]̵

Note: This linter can be disabled with `set_option linter.unusedSimpArgs false`
warning: equational_theories/Generated/FiniteImplicationSearch/theorems/Inverses1.lean:1979:12: This simp argument is unused:
  S

Hint: Omit it from the simp argument list.
  simp ̵[̵S̵]̵

Note: This linter can be disabled with `set_option linter.unusedSimpArgs false`
warning: equational_theories/Generated/FiniteImplicationSearch/theorems/Inverses1.lean:1996:12: This simp argument is unused:
  S

Hint: Omit it from the simp argument list.
  simp ̵[̵S̵]̵

Note: This linter can be disabled with `set_option linter.unusedSimpArgs false`
warning: equational_theories/Generated/FiniteImplicationSearch/theorems/Inverses1.lean:2048:12: This simp argument is unused:
  S

Hint: Omit it from the simp argument list.
  simp ̵[̵S̵]̵

Note: This linter can be disabled with `set_option linter.unusedSimpArgs false`
warning: equational_theories/Generated/FiniteImplicationSearch/theorems/Inverses1.lean:2065:12: This simp argument is unused:
  S

Hint: Omit it from the simp argument list.
  simp ̵[̵S̵]̵

Note: This linter can be disabled with `set_option linter.unusedSimpArgs false`
warning: equational_theories/Generated/FiniteImplicationSearch/theorems/Inverses1.lean:2105:12: This simp argument is unused:
  S

Hint: Omit it from the simp argument list.
  simp ̵[̵S̵]̵

Note: This linter can be disabled with `set_option linter.unusedSimpArgs false`
warning: equational_theories/Generated/FiniteImplicationSearch/theorems/Inverses1.lean:2133:12: This simp argument is unused:
  S

Hint: Omit it from the simp argument list.
  simp ̵[̵S̵]̵

Note: This linter can be disabled with `set_option linter.unusedSimpArgs false`
warning: equational_theories/Generated/FiniteImplicationSearch/theorems/Inverses1.lean:2161:12: This simp argument is unused:
  S

Hint: Omit it from the simp argument list.
  simp ̵[̵S̵]̵

Note: This linter can be disabled with `set_option linter.unusedSimpArgs false`
warning: equational_theories/Generated/FiniteImplicationSearch/theorems/Inverses1.lean:2189:12: This simp argument is unused:
  S

Hint: Omit it from the simp argument list.
  simp ̵[̵S̵]̵

Note: This linter can be disabled with `set_option linter.unusedSimpArgs false`
warning: equational_theories/Generated/FiniteImplicationSearch/theorems/Inverses1.lean:2216:12: This simp argument is unused:
  S

Hint: Omit it from the simp argument list.
  simp ̵[̵S̵]̵

Note: This linter can be disabled with `set_option linter.unusedSimpArgs false`
warning: equational_theories/Generated/FiniteImplicationSearch/theorems/Inverses1.lean:2243:12: This simp argument is unused:
  S

Hint: Omit it from the simp argument list.
  simp ̵[̵S̵]̵

Note: This linter can be disabled with `set_option linter.unusedSimpArgs false`
warning: equational_theories/Generated/FiniteImplicationSearch/theorems/Inverses1.lean:2270:12: This simp argument is unused:
  S

Hint: Omit it from the simp argument list.
  simp ̵[̵S̵]̵

Note: This linter can be disabled with `set_option linter.unusedSimpArgs false`
warning: equational_theories/Generated/FiniteImplicationSearch/theorems/Inverses1.lean:2298:12: This simp argument is unused:
  S

Hint: Omit it from the simp argument list.
  simp ̵[̵S̵]̵

Note: This linter can be disabled with `set_option linter.unusedSimpArgs false`
✔ [3573/4729] Built equational_theories.Generated.All4x4Tables.Refutation938 (9.8s)
✔ [3574/4729] Built equational_theories.Generated.All4x4Tables.Refutation922 (3.1s)
✔ [3575/4729] Built equational_theories.Generated.All4x4Tables.Refutation929 (6.6s)
✔ [3576/4729] Built equational_theories.Generated.All4x4Tables.Refutation920 (2.8s)
✔ [3577/4729] Built equational_theories.Generated.All4x4Tables.Refutation921 (3.3s)
✔ [3578/4729] Built equational_theories.Generated.All4x4Tables.Refutation934 (9.7s)
✔ [3579/4729] Built equational_theories.Generated.All4x4Tables.Refutation919 (2.8s)
✔ [3580/4729] Built equational_theories.Generated.All4x4Tables.Refutation917 (2.7s)
✔ [3581/4729] Built equational_theories.Generated.All4x4Tables.Refutation924 (6.3s)
✔ [3582/4729] Built equational_theories.Generated.All4x4Tables.Refutation916 (2.7s)
✔ [3583/4729] Built equational_theories.Generated.All4x4Tables.Refutation918 (3.5s)
✔ [3584/4729] Built equational_theories.Generated.All4x4Tables.Refutation923 (6.7s)
✔ [3585/4729] Built equational_theories.Generated.All4x4Tables.Refutation914 (2.8s)
✔ [3586/4729] Built equational_theories.Generated.All4x4Tables.Refutation915 (2.8s)
✔ [3587/4729] Built equational_theories.Generated.All4x4Tables.Refutation913 (2.8s)
✔ [3588/4729] Built equational_theories.Generated.All4x4Tables.Refutation912 (2.9s)
✔ [3589/4729] Built equational_theories.Generated.All4x4Tables.Refutation911 (2.8s)
✔ [3590/4729] Built equational_theories.Generated.All4x4Tables.Refutation910 (2.8s)
✔ [3591/4729] Built equational_theories.Generated.All4x4Tables.Refutation909 (3.1s)
✔ [3592/4729] Built equational_theories.Generated.All4x4Tables.Refutation908 (2.9s)
✔ [3593/4729] Built equational_theories.Generated.All4x4Tables.Refutation906 (2.6s)
✔ [3594/4729] Built equational_theories.Generated.All4x4Tables.Refutation907 (2.9s)
✔ [3595/4729] Built equational_theories.Generated.All4x4Tables.Refutation905 (2.8s)
✔ [3596/4729] Built equational_theories.Generated.All4x4Tables.Refutation903 (2.7s)
✔ [3597/4729] Built equational_theories.Generated.All4x4Tables.Refutation904 (2.6s)
✔ [3598/4729] Built equational_theories.Generated.All4x4Tables.Refutation902 (2.6s)
✔ [3599/4729] Built equational_theories.Generated.All4x4Tables.Refutation901 (2.6s)
✔ [3600/4729] Built equational_theories.Generated.All4x4Tables.Refutation900 (2.7s)
✔ [3601/4729] Built equational_theories.Generated.All4x4Tables.Refutation899 (2.0s)
✔ [3602/4729] Built equational_theories.Generated.All4x4Tables.Refutation898 (2.6s)
✔ [3603/4729] Built equational_theories.Generated.All4x4Tables.Refutation896 (2.6s)
✔ [3604/4729] Built equational_theories.Generated.All4x4Tables.Refutation897 (2.7s)
✔ [3605/4729] Built equational_theories.Generated.All4x4Tables.Refutation895 (2.6s)
✔ [3606/4729] Built equational_theories.Generated.All4x4Tables.Refutation894 (2.8s)
✔ [3607/4729] Built equational_theories.FullSpectrum (38s)
✔ [3608/4729] Built equational_theories.Generated.All4x4Tables.Refutation891 (2.7s)
✔ [3609/4729] Built equational_theories.Generated.All4x4Tables.Refutation893 (3.1s)
✔ [3610/4729] Built equational_theories.Generated.All4x4Tables.Refutation892 (3.1s)
✔ [3611/4729] Built equational_theories.Generated.All4x4Tables.Refutation890 (2.9s)
✔ [3612/4729] Built equational_theories.Generated.All4x4Tables.Refutation889 (2.8s)
✔ [3613/4729] Built equational_theories.Generated.All4x4Tables.Refutation888 (2.9s)
✔ [3614/4729] Built equational_theories.Generated.All4x4Tables.Refutation887 (2.0s)
✔ [3615/4729] Built equational_theories.Generated.All4x4Tables.Refutation886 (2.9s)
✔ [3616/4729] Built equational_theories.Generated.All4x4Tables.Refutation885 (3.0s)
✔ [3617/4729] Built equational_theories.Generated.All4x4Tables.Refutation884 (2.0s)
⚠ [3618/4729] Built equational_theories.ManuallyProved.Equation1661 (46s)
warning: equational_theories/ManuallyProved/Equation1661.lean:100:40: This simp argument is unused:
  y4e

Hint: Omit it from the simp argument list.
  simp [op_1661_1657, y5o', n5eo, y4̵e̵,̵ ̵y̵6e, delta_right_odd]

Note: This linter can be disabled with `set_option linter.unusedSimpArgs false`
warning: equational_theories/ManuallyProved/Equation1661.lean:212:14: This simp argument is unused:
  op_1661_1657

Hint: Omit it from the simp argument list.
  simp [o̵p̵_̵1̵6̵6̵1̵_̵1̵6̵5̵7̵,̵hxy67]

Note: This linter can be disabled with `set_option linter.unusedSimpArgs false`
warning: equational_theories/ManuallyProved/Equation1661.lean:311:27: This simp argument is unused:
  hxy5

Hint: Omit it from the simp argument list.
  simp [̵o̵p̵_̵1̵6̵6̵1̵_̵1̵6̵5̵7̵,̵h̵x̵y̵5̵,̵h̵x̵y̵4̵5̵]̵[̲o̲p̲_̲1̲6̲6̲1̲_̲1̲6̲5̲7̲,̲ ̲h̲x̲y̲4̲5̲]̲

Note: This linter can be disabled with `set_option linter.unusedSimpArgs false`
warning: equational_theories/ManuallyProved/Equation1661.lean:338:27: This simp argument is unused:
  hxy5

Hint: Omit it from the simp argument list.
  simp [̵o̵p̵_̵1̵6̵6̵1̵_̵1̵6̵5̵7̵,̵h̵x̵y̵5̵,̵h̵x̵y̵4̵5̵]̵[̲o̲p̲_̲1̲6̲6̲1̲_̲1̲6̲5̲7̲,̲ ̲h̲x̲y̲4̲5̲]̲

Note: This linter can be disabled with `set_option linter.unusedSimpArgs false`
warning: equational_theories/ManuallyProved/Equation1661.lean:405:29: This simp argument is unused:
  magN

Hint: Omit it from the simp argument list.
  simp only [Equation1661, m̵a̵g̵N̵,̵ ̵op]

Note: This linter can be disabled with `set_option linter.unusedSimpArgs false`
warning: equational_theories/ManuallyProved/Equation1661.lean:405:35: This simp argument is unused:
  op

Hint: Omit it from the simp argument list.
  simp only [Equation1661, magN,̵ ̵o̵p̵]

Note: This linter can be disabled with `set_option linter.unusedSimpArgs false`
warning: equational_theories/ManuallyProved/Equation1661.lean:426:29: This simp argument is unused:
  magN

Hint: Omit it from the simp argument list.
  simp only [Equation1661, m̵a̵g̵N̵,̵ ̵op]

Note: This linter can be disabled with `set_option linter.unusedSimpArgs false`
warning: equational_theories/ManuallyProved/Equation1661.lean:426:35: This simp argument is unused:
  op

Hint: Omit it from the simp argument list.
  simp only [Equation1661, magN,̵ ̵o̵p̵]

Note: This linter can be disabled with `set_option linter.unusedSimpArgs false`
warning: equational_theories/ManuallyProved/Equation1661.lean:447:29: This simp argument is unused:
  magN

Hint: Omit it from the simp argument list.
  simp only [Equation1661, m̵a̵g̵N̵,̵ ̵op]

Note: This linter can be disabled with `set_option linter.unusedSimpArgs false`
warning: equational_theories/ManuallyProved/Equation1661.lean:447:35: This simp argument is unused:
  op

Hint: Omit it from the simp argument list.
  simp only [Equation1661, magN,̵ ̵o̵p̵]

Note: This linter can be disabled with `set_option linter.unusedSimpArgs false`
warning: equational_theories/ManuallyProved/Equation1661.lean:489:29: This simp argument is unused:
  magN

Hint: Omit it from the simp argument list.
  simp only [Equation1661, m̵a̵g̵N̵,̵ ̵op]

Note: This linter can be disabled with `set_option linter.unusedSimpArgs false`
warning: equational_theories/ManuallyProved/Equation1661.lean:489:35: This simp argument is unused:
  op

Hint: Omit it from the simp argument list.
  simp only [Equation1661, magN,̵ ̵o̵p̵]

Note: This linter can be disabled with `set_option linter.unusedSimpArgs false`
warning: equational_theories/ManuallyProved/Equation1661.lean:531:28: This simp argument is unused:
  magN

Hint: Omit it from the simp argument list.
  simp only [Equation1661,m̵a̵g̵N̵,̵ op]

Note: This linter can be disabled with `set_option linter.unusedSimpArgs false`
warning: equational_theories/ManuallyProved/Equation1661.lean:531:34: This simp argument is unused:
  op

Hint: Omit it from the simp argument list.
  simp only [̵E̵q̵u̵a̵t̵i̵o̵n̵1̵6̵6̵1̵,̵m̵a̵g̵N̵,̵ ̵o̵p̵]̵[̲E̲q̲u̲a̲t̲i̲o̲n̲1̲6̲6̲1̲,̲ ̲m̲a̲g̲N̲]̲

Note: This linter can be disabled with `set_option linter.unusedSimpArgs false`
warning: equational_theories/ManuallyProved/Equation1661.lean:552:29: This simp argument is unused:
  magN

Hint: Omit it from the simp argument list.
  simp only [Equation1661, m̵a̵g̵N̵,̵ ̵op]

Note: This linter can be disabled with `set_option linter.unusedSimpArgs false`
warning: equational_theories/ManuallyProved/Equation1661.lean:552:35: This simp argument is unused:
  op

Hint: Omit it from the simp argument list.
  simp only [Equation1661, magN,̵ ̵o̵p̵]

Note: This linter can be disabled with `set_option linter.unusedSimpArgs false`
warning: equational_theories/ManuallyProved/Equation1661.lean:573:29: This simp argument is unused:
  magN

Hint: Omit it from the simp argument list.
  simp only [Equation1661, m̵a̵g̵N̵,̵ ̵op]

Note: This linter can be disabled with `set_option linter.unusedSimpArgs false`
warning: equational_theories/ManuallyProved/Equation1661.lean:573:35: This simp argument is unused:
  op

Hint: Omit it from the simp argument list.
  simp only [Equation1661, magN,̵ ̵o̵p̵]

Note: This linter can be disabled with `set_option linter.unusedSimpArgs false`
warning: equational_theories/ManuallyProved/Equation1661.lean:594:29: This simp argument is unused:
  magN

Hint: Omit it from the simp argument list.
  simp only [Equation1661, m̵a̵g̵N̵,̵ ̵op]

Note: This linter can be disabled with `set_option linter.unusedSimpArgs false`
warning: equational_theories/ManuallyProved/Equation1661.lean:594:35: This simp argument is unused:
  op

Hint: Omit it from the simp argument list.
  simp only [Equation1661, magN,̵ ̵o̵p̵]

Note: This linter can be disabled with `set_option linter.unusedSimpArgs false`
warning: equational_theories/ManuallyProved/Equation1661.lean:615:29: This simp argument is unused:
  magN

Hint: Omit it from the simp argument list.
  simp only [Equation1661, m̵a̵g̵N̵,̵ ̵op]

Note: This linter can be disabled with `set_option linter.unusedSimpArgs false`
warning: equational_theories/ManuallyProved/Equation1661.lean:615:35: This simp argument is unused:
  op

Hint: Omit it from the simp argument list.
  simp only [Equation1661, magN,̵ ̵o̵p̵]

Note: This linter can be disabled with `set_option linter.unusedSimpArgs false`
warning: equational_theories/ManuallyProved/Equation1661.lean:636:29: This simp argument is unused:
  magN

Hint: Omit it from the simp argument list.
  simp only [Equation1661, m̵a̵g̵N̵,̵ ̵op]

Note: This linter can be disabled with `set_option linter.unusedSimpArgs false`
warning: equational_theories/ManuallyProved/Equation1661.lean:636:35: This simp argument is unused:
  op

Hint: Omit it from the simp argument list.
  simp only [Equation1661, magN,̵ ̵o̵p̵]

Note: This linter can be disabled with `set_option linter.unusedSimpArgs false`
✔ [3619/4729] Built equational_theories.Generated.All4x4Tables.Refutation882 (3.0s)
✔ [3620/4729] Built equational_theories.Generated.All4x4Tables.Refutation883 (3.2s)
✔ [3621/4729] Built equational_theories.Generated.All4x4Tables.Refutation881 (2.0s)
✔ [3622/4729] Built equational_theories.Generated.All4x4Tables.Refutation879 (2.0s)
✔ [3623/4729] Built equational_theories.Generated.All4x4Tables.Refutation880 (3.3s)
✔ [3624/4729] Built equational_theories.Generated.All4x4Tables.Refutation877 (2.0s)
✔ [3625/4729] Built equational_theories.Generated.All4x4Tables.Refutation878 (3.4s)
✔ [3626/4729] Built equational_theories.Generated.All4x4Tables.Refutation876 (2.7s)
⚠ [3627/4729] Built equational_theories.ManuallyProved.Equation1701 (49s)
warning: equational_theories/ManuallyProved/Equation1701.lean:59:61: This simp argument is unused:
  Nat.mod_two_ne_zero

Hint: Omit it from the simp argument list.
  simp [op_1701_8, sx_cong_sz, sy_cong_0, sz_cong_1, N̵a̵t̵.̵m̵o̵d̵_̵t̵w̵o̵_̵n̵e̵_̵z̵e̵r̵o̵,̵mod_two_ne_down_to,
            mod_two_succ_0_1_from, mod_two_succ_1_0_from, mod_two_pred_0_1_to, mod_two_pred_1_0_to]

Note: This linter can be disabled with `set_option linter.unusedSimpArgs false`
warning: equational_theories/ManuallyProved/Equation1701.lean:60:12: This simp argument is unused:
  mod_two_ne_down_to

Hint: Omit it from the simp argument list.
  simp [op_1701_8, sx_cong_sz, sy_cong_0, sz_cong_1, Nat.mod_two_ne_zero,
            m̵o̵d̵_̵t̵w̵o̵_̵n̵e̵_̵d̵o̵w̵n̵_̵t̵o̵,̵ ̵mod_two_succ_0_1_from, mod_two_succ_1_0_from, mod_two_pred_0_1_to, mod_two_pred_1_0_to]

Note: This linter can be disabled with `set_option linter.unusedSimpArgs false`
warning: equational_theories/ManuallyProved/Equation1701.lean:60:32: This simp argument is unused:
  mod_two_succ_0_1_from

Hint: Omit it from the simp argument list.
  simp [op_1701_8, sx_cong_sz, sy_cong_0, sz_cong_1, Nat.mod_two_ne_zero,
            mod_two_ne_down_to, m̵o̵d̵_̵t̵w̵o̵_̵s̵u̵c̵c̵_̵0̵_̵1̵_̵f̵r̵o̵m̵,̵ ̵mod_two_succ_1_0_from, mod_two_pred_0_1_to, mod_two_pred_1_0_to]

Note: This linter can be disabled with `set_option linter.unusedSimpArgs false`
warning: equational_theories/ManuallyProved/Equation1701.lean:61:14: This simp argument is unused:
  mod_two_pred_0_1_to

Hint: Omit it from the simp argument list.
  simp [op_1701_8, sx_cong_sz, sy_cong_0, sz_cong_1, Nat.mod_two_ne_zero,
            mod_two_ne_down_to, mod_two_succ_0_1_from, mod_two_succ_1_0_from, m̵o̵d̵_̵t̵w̵o̵_̵p̵r̵e̵d̵_̵0̵_̵1̵_̵t̵o̵,̵ ̵mod_two_pred_1_0_to]

Note: This linter can be disabled with `set_option linter.unusedSimpArgs false`
warning: equational_theories/ManuallyProved/Equation1701.lean:63:61: This simp argument is unused:
  Nat.mod_two_ne_zero

Hint: Omit it from the simp argument list.
  simp [op_1701_8, sx_cong_sz, sy_cong_1, sz_cong_1, N̵a̵t̵.̵m̵o̵d̵_̵t̵w̵o̵_̵n̵e̵_̵z̵e̵r̵o̵,̵mod_two_ne_down_to,
              mod_two_succ_0_1_from, mod_two_succ_1_0_from, mod_two_pred_0_1_to, mod_two_pred_1_0_to]

Note: This linter can be disabled with `set_option linter.unusedSimpArgs false`
warning: equational_theories/ManuallyProved/Equation1701.lean:64:12: This simp argument is unused:
  mod_two_ne_down_to

Hint: Omit it from the simp argument list.
  simp [op_1701_8, sx_cong_sz, sy_cong_1, sz_cong_1, Nat.mod_two_ne_zero,
              mod_two_n̵e̵_̵d̵o̵w̵n̵_̵t̵o̵,̵ ̵m̵o̵d̵_̵t̵w̵o̵_̵succ_0_1_from, mod_two_succ_1_0_from, mod_two_pred_0_1_to,
  ̵  ̵ ̵ ̵ ̵ ̵ ̵ ̵ ̵ ̵ ̵ ̵ ̵ ̵mod_two_pred_1_0_to]

Note: This linter can be disabled with `set_option linter.unusedSimpArgs false`
warning: equational_theories/ManuallyProved/Equation1701.lean:64:32: This simp argument is unused:
  mod_two_succ_0_1_from

Hint: Omit it from the simp argument list.
  simp [op_1701_8, sx_cong_sz, sy_cong_1, sz_cong_1, Nat.mod_two_ne_zero,
              mod_two_ne_down_to, m̵o̵d̵_̵t̵w̵o̵_̵s̵u̵c̵c̵_̵0̵_̵1̵_̵f̵r̵o̵m̵,̵ ̵mod_two_succ_1_0_from, mod_two_pred_0_1_to, mod_two_pred_1_0_to]

Note: This linter can be disabled with `set_option linter.unusedSimpArgs false`
warning: equational_theories/ManuallyProved/Equation1701.lean:64:78: This simp argument is unused:
  mod_two_pred_0_1_to

Hint: Omit it from the simp argument list.
  simp [op_1701_8, sx_cong_sz, sy_cong_1, sz_cong_1, Nat.mod_two_ne_zero,
              mod_two_ne_down_to, mod_two_succ_0_1_from, mod_two_succ_1_0_from, m̵o̵d̵_̵t̵w̵o̵_̵p̵r̵e̵d̵_̵0̵_̵1̵_̵t̵o̵,̵mod_two_pred_1_0_to]

Note: This linter can be disabled with `set_option linter.unusedSimpArgs false`
warning: equational_theories/ManuallyProved/Equation1701.lean:70:27: This simp argument is unused:
  sx_cong_sz

Hint: Omit it from the simp argument list.
  simp [op_1701_8, sx_cong_s̵z̵,̵ ̵s̵x̵_̵c̵o̵n̵g̵_̵0, sy_cong_0, sz_cong_1, Nat.mod_two_ne_zero,
             ̵ ̵mod_two_ne_down_to, mod_two_succ_0_1_from, mod_two_succ_1_0_from, mod_two_pred_0_1_to,
             ̵ ̵ ̵ ̵mod_two_pred_1_0_to]

Note: This linter can be disabled with `set_option linter.unusedSimpArgs false`
warning: equational_theories/ManuallyProved/Equation1701.lean:70:72: This simp argument is unused:
  Nat.mod_two_ne_zero

Hint: Omit it from the simp argument list.
  simp [op_1701_8, sx_cong_sz, sx_cong_0, sy_cong_0, sz_cong_1, N̵a̵t̵.̵m̵o̵d̵_̵t̵w̵o̵_̵n̵e̵_̵z̵e̵r̵o̵,̵mod_two_ne_down_to,
            mod_two_succ_0_1_from, mod_two_succ_1_0_from, mod_two_pred_0_1_to, mod_two_pred_1_0_to]

Note: This linter can be disabled with `set_option linter.unusedSimpArgs false`
warning: equational_theories/ManuallyProved/Equation1701.lean:71:12: This simp argument is unused:
  mod_two_ne_down_to

Hint: Omit it from the simp argument list.
  simp [op_1701_8, sx_cong_sz, sx_cong_0, sy_cong_0, sz_cong_1, Nat.mod_two_ne_zero,
             ̵ ̵mod_two_n̵e̵_̵d̵o̵w̵n̵_̵t̵o̵,̵ ̵m̵o̵d̵_̵t̵w̵o̵_̵succ_0_1_from, mod_two_succ_1_0_from, mod_two_pred_0_1_to,
  ̵  ̵ ̵ ̵ ̵ ̵ ̵ ̵ ̵ ̵ ̵ ̵ ̵ ̵mod_two_pred_1_0_to]

Note: This linter can be disabled with `set_option linter.unusedSimpArgs false`
warning: equational_theories/ManuallyProved/Equation1701.lean:71:55: This simp argument is unused:
  mod_two_succ_1_0_from

Hint: Omit it from the simp argument list.
  simp [op_1701_8, sx_cong_sz, sx_cong_0, sy_cong_0, sz_cong_1, Nat.mod_two_ne_zero,
            mod_two_ne_down_to, mod_two_succ_0_1_from, m̵o̵d̵_̵t̵w̵o̵_̵s̵u̵c̵c̵_̵1̵_̵0̵_̵f̵r̵o̵m̵,̵ ̵mod_two_pred_0_1_to, mod_two_pred_1_0_to]

Note: This linter can be disabled with `set_option linter.unusedSimpArgs false`
warning: equational_theories/ManuallyProved/Equation1701.lean:72:14: This simp argument is unused:
  mod_two_pred_1_0_to

Hint: Omit it from the simp argument list.
  simp [op_1701_8, sx_cong_sz, sx_cong_0, sy_cong_0, sz_cong_1, Nat.mod_two_ne_zero,
            mod_two_ne_down_to, mod_two_succ_0_1_from, mod_two_succ_1_0_from, m̵o̵d̵_̵t̵w̵o̵_̵p̵r̵e̵d̵_̵0̵_̵1̵_̵t̵o̵,̵
  ̵ ̵ ̵ ̵ ̵ ̵ ̵ ̵ ̵ ̵ ̵ ̵ ̵ ̵ ̵m̵o̵d̵_̵t̵w̵o̵_̵p̵r̵e̵d̵_̵1̵_̵0̵_̵t̵o̵]̵m̲o̲d̲_̲t̲w̲o̲_̲p̲r̲e̲d̲_̲0̲_̲1̲_̲t̲o̲]̲

Note: This linter can be disabled with `set_option linter.unusedSimpArgs false`
warning: equational_theories/ManuallyProved/Equation1701.lean:74:27: This simp argument is unused:
  sx_cong_sz

Hint: Omit it from the simp argument list.
  simp [op_1701_8, s̵x̵_̵c̵o̵n̵g̵_̵s̵z̵,̵ ̵sx_cong_0, sy_cong_1, sz_cong_1, Nat.mod_two_ne_zero, mod_two_ne_down_to,
  ̲  ̲ ̲ ̲ ̲ ̲ ̲ ̲ ̲ ̲ ̲ ̲mod_two_succ_0_1_from, mod_two_succ_1_0_from, mod_two_pred_0_1_to, mod_two_pred_1_0_to]

Note: This linter can be disabled with `set_option linter.unusedSimpArgs false`
warning: equational_theories/ManuallyProved/Equation1701.lean:74:72: This simp argument is unused:
  Nat.mod_two_ne_zero

Hint: Omit it from the simp argument list.
  simp [op_1701_8, sx_cong_sz, sx_cong_0, sy_cong_1, sz_cong_1, N̵a̵t̵.̵m̵o̵d̵_̵t̵w̵o̵_̵n̵e̵_̵z̵e̵r̵o̵,̵mod_two_ne_down_to,
              mod_two_succ_0_1_from, mod_two_succ_1_0_from, mod_two_pred_0_1_to, mod_two_pred_1_0_to]

Note: This linter can be disabled with `set_option linter.unusedSimpArgs false`
warning: equational_theories/ManuallyProved/Equation1701.lean:75:12: This simp argument is unused:
  mod_two_ne_down_to

Hint: Omit it from the simp argument list.
  simp [op_1701_8, sx_cong_sz, sx_cong_0, sy_cong_1, sz_cong_1, Nat.mod_two_ne_zero,
              mod_two_n̵e̵_̵d̵o̵w̵n̵_̵t̵o̵,̵ ̵m̵o̵d̵_̵t̵w̵o̵_̵succ_0_1_from, mod_two_succ_1_0_from, mod_two_pred_0_1_to,
  ̵  ̵ ̵ ̵ ̵ ̵ ̵ ̵ ̵ ̵ ̵ ̵ ̵ ̵mod_two_pred_1_0_to]

Note: This linter can be disabled with `set_option linter.unusedSimpArgs false`
warning: equational_theories/ManuallyProved/Equation1701.lean:75:55: This simp argument is unused:
  mod_two_succ_1_0_from

Hint: Omit it from the simp argument list.
  simp [op_1701_8, sx_cong_sz, sx_cong_0, sy_cong_1, sz_cong_1, Nat.mod_two_ne_zero,
              mod_two_ne_down_to, mod_two_succ_0_1_from, m̵o̵d̵_̵t̵w̵o̵_̵s̵u̵c̵c̵_̵1̵_̵0̵_̵f̵r̵o̵m̵,̵ ̵mod_two_pred_0_1_to, mod_two_pred_1_0_to]

Note: This linter can be disabled with `set_option linter.unusedSimpArgs false`
warning: equational_theories/ManuallyProved/Equation1701.lean:75:78: This simp argument is unused:
  mod_two_pred_0_1_to

Hint: Omit it from the simp argument list.
  simp [op_1701_8, sx_cong_sz, sx_cong_0, sy_cong_1, sz_cong_1, Nat.mod_two_ne_zero,
              mod_two_ne_down_to, mod_two_succ_0_1_from, mod_two_succ_1_0_from, mod_two_pred_0̵_̵1_t̵o̵,̵
  ̵ ̵ ̵ ̵ ̵ ̵ ̵ ̵ ̵ ̵ ̵ ̵ ̵ ̵ ̵m̵o̵d̵_̵t̵w̵o̵_̵p̵r̵e̵d̵_̵1̵_̵0_to]

Note: This linter can be disabled with `set_option linter.unusedSimpArgs false`
warning: equational_theories/ManuallyProved/Equation1701.lean:76:14: This simp argument is unused:
  mod_two_pred_1_0_to

Hint: Omit it from the simp argument list.
  simp [op_1701_8, sx_cong_sz, sx_cong_0, sy_cong_1, sz_cong_1, Nat.mod_two_ne_zero,
              mod_two_ne_down_to, mod_two_succ_0_1_from, mod_two_succ_1_0_from, mod_two_pred_0_1_to,̵
  ̵ ̵ ̵ ̵ ̵ ̵ ̵ ̵ ̵ ̵ ̵ ̵ ̵ ̵ ̵m̵o̵d̵_̵t̵w̵o̵_̵p̵r̵e̵d̵_̵1̵_̵0̵_̵t̵o̵]

Note: This linter can be disabled with `set_option linter.unusedSimpArgs false`
warning: equational_theories/ManuallyProved/Equation1701.lean:80:27: This simp argument is unused:
  sx_cong_sz

Hint: Omit it from the simp argument list.
  simp [op_1701_8, sx_cong_s̵z̵,̵ ̵s̵x̵_̵c̵o̵n̵g̵_̵1, sy_cong_0, sz_cong_0, Nat.mod_two_ne_zero,
             ̵ ̵mod_two_ne_down_to, mod_two_succ_0_1_from, mod_two_succ_1_0_from, mod_two_pred_0_1_to,
             ̵ ̵ ̵ ̵mod_two_pred_1_0_to]

Note: This linter can be disabled with `set_option linter.unusedSimpArgs false`
warning: equational_theories/ManuallyProved/Equation1701.lean:80:72: This simp argument is unused:
  Nat.mod_two_ne_zero

Hint: Omit it from the simp argument list.
  simp [op_1701_8, sx_cong_sz, sx_cong_1, sy_cong_0, sz_cong_0, N̵a̵t̵.̵m̵o̵d̵_̵t̵w̵o̵_̵n̵e̵_̵z̵e̵r̵o̵,̵mod_two_ne_down_to,
            mod_two_succ_0_1_from, mod_two_succ_1_0_from, mod_two_pred_0_1_to, mod_two_pred_1_0_to]

Note: This linter can be disabled with `set_option linter.unusedSimpArgs false`
warning: equational_theories/ManuallyProved/Equation1701.lean:81:12: This simp argument is unused:
  mod_two_ne_down_to

Hint: Omit it from the simp argument list.
  simp [op_1701_8, sx_cong_sz, sx_cong_1, sy_cong_0, sz_cong_0, Nat.mod_two_ne_zero,
             ̵ ̵mod_two_n̵e̵_̵d̵o̵w̵n̵_̵t̵o̵,̵ ̵m̵o̵d̵_̵t̵w̵o̵_̵succ_0_1_from, mod_two_succ_1_0_from, mod_two_pred_0_1_to,
  ̵  ̵ ̵ ̵ ̵ ̵ ̵ ̵ ̵ ̵ ̵ ̵ ̵ ̵mod_two_pred_1_0_to]

Note: This linter can be disabled with `set_option linter.unusedSimpArgs false`
warning: equational_theories/ManuallyProved/Equation1701.lean:81:32: This simp argument is unused:
  mod_two_succ_0_1_from

Hint: Omit it from the simp argument list.
  simp [op_1701_8, sx_cong_sz, sx_cong_1, sy_cong_0, sz_cong_0, Nat.mod_two_ne_zero,
            mod_two_ne_down_to, m̵o̵d̵_̵t̵w̵o̵_̵s̵u̵c̵c̵_̵0̵_̵1̵_̵f̵r̵o̵m̵,̵ ̵mod_two_succ_1_0_from, mod_two_pred_0_1_to, mod_two_pred_1_0_to]

Note: This linter can be disabled with `set_option linter.unusedSimpArgs false`
warning: equational_theories/ManuallyProved/Equation1701.lean:81:78: This simp argument is unused:
  mod_two_pred_0_1_to

Hint: Omit it from the simp argument list.
  simp [op_1701_8, sx_cong_sz, sx_cong_1, sy_cong_0, sz_cong_0, Nat.mod_two_ne_zero,
            mod_two_ne_down_to, mod_two_succ_0_1_from, mod_two_succ_1_0_from, m̵o̵d̵_̵t̵w̵o̵_̵p̵r̵e̵d̵_̵0̵_̵1̵_̵t̵o̵,̵mod_two_pred_1_0_to]

Note: This linter can be disabled with `set_option linter.unusedSimpArgs false`
warning: equational_theories/ManuallyProved/Equation1701.lean:82:14: This simp argument is unused:
  mod_two_pred_1_0_to

Hint: Omit it from the simp argument list.
  simp [op_1701_8, sx_cong_sz, sx_cong_1, sy_cong_0, sz_cong_0, Nat.mod_two_ne_zero,
            mod_two_ne_down_to, mod_two_succ_0_1_from, mod_two_succ_1_0_from, m̵o̵d̵_̵t̵w̵o̵_̵p̵r̵e̵d̵_̵0̵_̵1̵_̵t̵o̵,̵
  ̵ ̵ ̵ ̵ ̵ ̵ ̵ ̵ ̵ ̵ ̵ ̵ ̵ ̵ ̵m̵o̵d̵_̵t̵w̵o̵_̵p̵r̵e̵d̵_̵1̵_̵0̵_̵t̵o̵]̵m̲o̲d̲_̲t̲w̲o̲_̲p̲r̲e̲d̲_̲0̲_̲1̲_̲t̲o̲]̲

Note: This linter can be disabled with `set_option linter.unusedSimpArgs false`
warning: equational_theories/ManuallyProved/Equation1701.lean:84:27: This simp argument is unused:
  sx_cong_sz

Hint: Omit it from the simp argument list.
  simp [op_1701_8, s̵x̵_̵c̵o̵n̵g̵_̵s̵z̵,̵ ̵sx_cong_1, sy_cong_1, sz_cong_0, Nat.mod_two_ne_zero, mod_two_ne_down_to,
  ̲  ̲ ̲ ̲ ̲ ̲ ̲ ̲ ̲ ̲ ̲ ̲mod_two_succ_0_1_from, mod_two_succ_1_0_from, mod_two_pred_0_1_to, mod_two_pred_1_0_to]

Note: This linter can be disabled with `set_option linter.unusedSimpArgs false`
warning: equational_theories/ManuallyProved/Equation1701.lean:84:72: This simp argument is unused:
  Nat.mod_two_ne_zero

Hint: Omit it from the simp argument list.
  simp [op_1701_8, sx_cong_sz, sx_cong_1, sy_cong_1, sz_cong_0, N̵a̵t̵.̵m̵o̵d̵_̵t̵w̵o̵_̵n̵e̵_̵z̵e̵r̵o̵,̵mod_two_ne_down_to,
              mod_two_succ_0_1_from, mod_two_succ_1_0_from, mod_two_pred_0_1_to, mod_two_pred_1_0_to]

Note: This linter can be disabled with `set_option linter.unusedSimpArgs false`
warning: equational_theories/ManuallyProved/Equation1701.lean:85:12: This simp argument is unused:
  mod_two_ne_down_to

Hint: Omit it from the simp argument list.
  simp [op_1701_8, sx_cong_sz, sx_cong_1, sy_cong_1, sz_cong_0, Nat.mod_two_ne_zero,
              mod_two_n̵e̵_̵d̵o̵w̵n̵_̵t̵o̵,̵ ̵m̵o̵d̵_̵t̵w̵o̵_̵succ_0_1_from, mod_two_succ_1_0_from, mod_two_pred_0_1_to,
  ̵  ̵ ̵ ̵ ̵ ̵ ̵ ̵ ̵ ̵ ̵ ̵ ̵ ̵mod_two_pred_1_0_to]

Note: This linter can be disabled with `set_option linter.unusedSimpArgs false`
warning: equational_theories/ManuallyProved/Equation1701.lean:85:32: This simp argument is unused:
  mod_two_succ_0_1_from

Hint: Omit it from the simp argument list.
  simp [op_1701_8, sx_cong_sz, sx_cong_1, sy_cong_1, sz_cong_0, Nat.mod_two_ne_zero,
              mod_two_ne_down_to, m̵o̵d̵_̵t̵w̵o̵_̵s̵u̵c̵c̵_̵0̵_̵1̵_̵f̵r̵o̵m̵,̵ ̵mod_two_succ_1_0_from, mod_two_pred_0_1_to, mod_two_pred_1_0_to]

Note: This linter can be disabled with `set_option linter.unusedSimpArgs false`
warning: equational_theories/ManuallyProved/Equation1701.lean:85:78: This simp argument is unused:
  mod_two_pred_0_1_to

Hint: Omit it from the simp argument list.
  simp [op_1701_8, sx_cong_sz, sx_cong_1, sy_cong_1, sz_cong_0, Nat.mod_two_ne_zero,
              mod_two_ne_down_to, mod_two_succ_0_1_from, mod_two_succ_1_0_from, mod_two_pred_0̵_̵1_t̵o̵,̵
  ̵ ̵ ̵ ̵ ̵ ̵ ̵ ̵ ̵ ̵ ̵ ̵ ̵ ̵ ̵m̵o̵d̵_̵t̵w̵o̵_̵p̵r̵e̵d̵_̵1̵_̵0_to]

Note: This linter can be disabled with `set_option linter.unusedSimpArgs false`
warning: equational_theories/ManuallyProved/Equation1701.lean:92:36: This simp argument is unused:
  Nat.mod_two_ne_zero

Hint: Omit it from the simp argument list.
  simp [sx_cong_0, ̲sy_cong_0,N̵a̵t̵.̵ ̲mod_two_ne_z̵e̵r̵o̵,̵m̵o̵d_̵t̵w̵o_̵n̵e̵_̵d̵o̵wn_to, ̲mod_two_succ_0_1_from,
             ̵ ̵mod_two_succ_1_0_from, ̲mod_two_pred_0_1_to, ̲mod_two_pred_1_0_to]

Note: This linter can be disabled with `set_option linter.unusedSimpArgs false`
warning: equational_theories/ManuallyProved/Equation1701.lean:92:56: This simp argument is unused:
  mod_two_ne_down_to

Hint: Omit it from the simp argument list.
  simp [sx_cong_0, ̲sy_cong_0, ̲Nat.mod_two_ne_zero, ̲mod_two_n̵e̵_̵d̵o̵w̵n̵_̵t̵o̵,̵m̵o̵d̵_̵t̵w̵o̵_̵succ_0_1_from,
             ̵ ̵mod_two_succ_1_0_from, ̲mod_two_pred_0_1_to, ̲mod_two_pred_1_0_to]

Note: This linter can be disabled with `set_option linter.unusedSimpArgs false`
warning: equational_theories/ManuallyProved/Equation1701.lean:93:12: This simp argument is unused:
  mod_two_succ_1_0_from

Hint: Omit it from the simp argument list.
  simp [̵s̵x̵_̵c̵o̵n̵g̵_̵0̵,̵s̵y̵_̵c̵o̵n̵g̵_̵0̵,̵N̵a̵t̵.̵m̵o̵d̵_̵t̵w̵o̵_̵n̵e̵_̵z̵e̵r̵o̵,̵m̵o̵d̵_̵t̵w̵o̵_̵n̵e̵_̵d̵o̵w̵n̵_̵t̵o̵,̵m̵o̵d̵_̵t̵w̵o̵_̵s̵u̵c̵c̵_̵0̵_̵1̵_̵f̵r̵o̵m̵,̵
  ̵ ̵ ̵ ̵ ̵ ̵ ̵ ̵ ̵ ̵ ̵ ̵ ̵m̵o̵d̵_̵t̵w̵o̵_̵s̵u̵c̵c̵_̵1̵_̵0̵_̵f̵r̵o̵m̵,̵m̵o̵d̵_̵t̵w̵o̵_̵p̵r̵e̵d̵_̵0̵_̵1̵_̵t̵o̵,̵m̵o̵d̵_̵t̵w̵o̵_̵p̵r̵e̵d̵_̵1̵_̵0̵_̵t̵o̵]̵[̲s̲x̲_̲c̲o̲n̲g̲_̲0̲,̲ ̲s̲y̲_̲c̲o̲n̲g̲_̲0̲,̲ ̲N̲a̲t̲.̲m̲o̲d̲_̲t̲w̲o̲_̲n̲e̲_̲z̲e̲r̲o̲,̲ ̲m̲o̲d̲_̲t̲w̲o̲_̲n̲e̲_̲d̲o̲w̲n̲_̲t̲o̲,̲
  ̲ ̲ ̲ ̲ ̲ ̲ ̲ ̲ ̲ ̲ ̲m̲o̲d̲_̲t̲w̲o̲_̲s̲u̲c̲c̲_̲0̲_̲1̲_̲f̲r̲o̲m̲,̲ ̲m̲o̲d̲_̲t̲w̲o̲_̲p̲r̲e̲d̲_̲0̲_̲1̲_̲t̲o̲,̲ ̲m̲o̲d̲_̲t̲w̲o̲_̲p̲r̲e̲d̲_̲1̲_̲0̲_̲t̲o̲]̲

Note: This linter can be disabled with `set_option linter.unusedSimpArgs false`
warning: equational_theories/ManuallyProved/Equation1701.lean:93:54: This simp argument is unused:
  mod_two_pred_1_0_to

Hint: Omit it from the simp argument list.
  simp [̵s̵x̵_̵c̵o̵n̵g̵_̵0̵,̵s̵y̵_̵c̵o̵n̵g̵_̵0̵,̵N̵a̵t̵.̵m̵o̵d̵_̵t̵w̵o̵_̵n̵e̵_̵z̵e̵r̵o̵,̵m̵o̵d̵_̵t̵w̵o̵_̵n̵e̵_̵d̵o̵w̵n̵_̵t̵o̵,̵m̵o̵d̵_̵t̵w̵o̵_̵s̵u̵c̵c̵_̵0̵_̵1̵_̵f̵r̵o̵m̵,̵
  ̵ ̵ ̵ ̵ ̵ ̵ ̵ ̵ ̵ ̵ ̵ ̵ ̵m̵o̵d̵_̵t̵w̵o̵_̵s̵u̵c̵c̵_̵1̵_̵0̵_̵f̵r̵o̵m̵,̵m̵o̵d̵_̵t̵w̵o̵_̵p̵r̵e̵d̵_̵0̵_̵1̵_̵t̵o̵,̵m̵o̵d̵_̵t̵w̵o̵_̵p̵r̵e̵d̵_̵1̵_̵0̵_̵t̵o̵]̵[̲s̲x̲_̲c̲o̲n̲g̲_̲0̲,̲ ̲s̲y̲_̲c̲o̲n̲g̲_̲0̲,̲ ̲N̲a̲t̲.̲m̲o̲d̲_̲t̲w̲o̲_̲n̲e̲_̲z̲e̲r̲o̲,̲ ̲m̲o̲d̲_̲t̲w̲o̲_̲n̲e̲_̲d̲o̲w̲n̲_̲t̲o̲,̲
  ̲ ̲ ̲ ̲ ̲ ̲ ̲ ̲ ̲ ̲ ̲m̲o̲d̲_̲t̲w̲o̲_̲s̲u̲c̲c̲_̲0̲_̲1̲_̲f̲r̲o̲m̲,̲ ̲m̲o̲d̲_̲t̲w̲o̲_̲s̲u̲c̲c̲_̲1̲_̲0̲_̲f̲r̲o̲m̲,̲ ̲m̲o̲d̲_̲t̲w̲o̲_̲p̲r̲e̲d̲_̲0̲_̲1̲_̲t̲o̲]̲

Note: This linter can be disabled with `set_option linter.unusedSimpArgs false`
warning: equational_theories/ManuallyProved/Equation1701.lean:94:37: This simp argument is unused:
  Nat.mod_two_ne_zero

Hint: Omit it from the simp argument list.
  simp [̵s̵x̵_̵c̵o̵n̵g̵_̵0̵,̵s̵y̵_̵c̵o̵n̵g̵_̵0̵,̵ ̵N̵a̵t̵.̵m̵o̵d̵_̵t̵w̵o̵_̵n̵e̵_̵z̵e̵r̵o̵,̵[̲s̲x̲_̲c̲o̲n̲g̲_̲0̲,̲ ̲s̲y̲_̲c̲o̲n̲g̲_̲0̲,̲ mod_two_ne_down_to, mod_two_succ_0_1_from,
            mod_two_succ_1_0_from, mod_two_pred_0_1_to, mod_two_pred_1_0_to]

Note: This linter can be disabled with `set_option linter.unusedSimpArgs false`
warning: equational_theories/ManuallyProved/Equation1701.lean:94:58: This simp argument is unused:
  mod_two_ne_down_to

Hint: Omit it from the simp argument list.
  simp [sx_cong_0, ̲sy_cong_0, Nat.mod_two_ne_zero, mod_two_n̵e̵_̵d̵o̵w̵n̵_̵t̵o̵,̵ ̵m̵o̵d̵_̵t̵w̵o̵_̵succ_0_1_from,
             ̵ ̵mod_two_succ_1_0_from, mod_two_pred_0_1_to, mod_two_pred_1_0_to]

Note: This linter can be disabled with `set_option linter.unusedSimpArgs false`
warning: equational_theories/ManuallyProved/Equation1701.lean:95:12: This simp argument is unused:
  mod_two_succ_1_0_from

Hint: Omit it from the simp argument list.
  simp [̵s̵x̵_̵c̵o̵n̵g̵_̵0̵,̵s̵y̵_̵c̵o̵n̵g̵_̵0̵,̵[̲s̲x̲_̲c̲o̲n̲g̲_̲0̲,̲ ̲s̲y̲_̲c̲o̲n̲g̲_̲0̲,̲ Nat.mod_two_ne_zero, mod_two_ne_down_to,
  ̲  ̲ ̲ ̲ ̲ ̲ ̲ ̲ ̲ ̲mod_two_succ_0_1_from, m̵o̵d̵_̵t̵w̵o̵_̵s̵u̵c̵c̵_̵1̵_̵0̵_̵f̵r̵o̵m̵,̵ ̵mod_two_pred_0_1_to, mod_two_pred_1_0_to]

Note: This linter can be disabled with `set_option linter.unusedSimpArgs false`
warning: equational_theories/ManuallyProved/Equation1701.lean:95:56: This simp argument is unused:
  mod_two_pred_1_0_to

Hint: Omit it from the simp argument list.
  simp [̵s̵x̵_̵c̵o̵n̵g̵_̵0̵,̵s̵y̵_̵c̵o̵n̵g̵_̵0̵,̵[̲s̲x̲_̲c̲o̲n̲g̲_̲0̲,̲ ̲s̲y̲_̲c̲o̲n̲g̲_̲0̲,̲ Nat.mod_two_ne_zero, mod_two_ne_down_to,
  ̲  ̲ ̲ ̲ ̲ ̲ ̲ ̲ ̲ ̲mod_two_succ_0_1_from, mod_two_succ_1_0_from, m̵o̵d̵_̵t̵w̵o̵_̵p̵r̵e̵d̵_̵0̵_̵1̵_̵t̵o̵,̵ ̵m̵o̵d̵_̵t̵w̵o̵_̵p̵r̵e̵d̵_̵1̵_̵0̵_̵t̵o̵]̵m̲o̲d̲_̲t̲w̲o̲_̲p̲r̲e̲d̲_̲0̲_̲1̲_̲t̲o̲]̲

Note: This linter can be disabled with `set_option linter.unusedSimpArgs false`
warning: equational_theories/ManuallyProved/Equation1701.lean:99:15: This simp argument is unused:
  Nat.mod_two_ne_zero

Hint: Omit it from the simp argument list.
  simp [̵s̵x̵_̵c̵o̵n̵g̵_̵1̵,̵s̵y̵_̵c̵o̵n̵g̵_̵0̵
  ̵ ̵ ̵ ̵ ̵ ̵ ̵ ̵ ̵ ̵ ̵ ̵ ̵ ̵ ̵,̵N̵a̵t̵.̵m̵o̵d̵_̵t̵w̵o̵_̵n̵e̵_̵z̵e̵r̵o̵,̵m̵o̵d̵_̵t̵w̵o̵_̵n̵e̵_̵d̵o̵w̵n̵_̵t̵o̵
  ̵ ̵ ̵ ̵ ̵ ̵ ̵ ̵ ̵ ̵ ̵ ̵ ̵ ̵ ̵,̵m̵o̵d̵_̵t̵w̵o̵_̵s̵u̵c̵c̵_̵0̵_̵1̵_̵f̵r̵o̵m̵,̵m̵o̵d̵_̵t̵w̵o̵_̵s̵u̵c̵c̵_̵1̵_̵0̵_̵f̵r̵o̵m̵
  ̵ ̵ ̵ ̵ ̵ ̵ ̵ ̵ ̵ ̵ ̵ ̵ ̵ ̵ ̵,̵m̵o̵d̵_̵t̵w̵o̵_̵p̵r̵e̵d̵_̵0̵_̵1̵_̵t̵o̵,̵m̵o̵d̵_̵t̵w̵o̵_̵p̵r̵e̵d̵_̵1̵_̵0̵_̵t̵o̵
  ̵ ̵ ̵ ̵ ̵ ̵ ̵ ̵ ̵ ̵ ̵ ̵ ̵ ̵ ̵]̵[̲s̲x̲_̲c̲o̲n̲g̲_̲1̲,̲ ̲s̲y̲_̲c̲o̲n̲g̲_̲0̲,̲ ̲m̲o̲d̲_̲t̲w̲o̲_̲n̲e̲_̲d̲o̲w̲n̲_̲t̲o̲,̲ ̲m̲o̲d̲_̲t̲w̲o̲_̲s̲u̲c̲c̲_̲0̲_̲1̲_̲f̲r̲o̲m̲,̲
  ̲ ̲ ̲ ̲ ̲ ̲ ̲ ̲ ̲ ̲ ̲m̲o̲d̲_̲t̲w̲o̲_̲s̲u̲c̲c̲_̲1̲_̲0̲_̲f̲r̲o̲m̲,̲ ̲m̲o̲d̲_̲t̲w̲o̲_̲p̲r̲e̲d̲_̲0̲_̲1̲_̲t̲o̲,̲ ̲m̲o̲d̲_̲t̲w̲o̲_̲p̲r̲e̲d̲_̲1̲_̲0̲_̲t̲o̲]̲

Note: This linter can be disabled with `set_option linter.unusedSimpArgs false`
warning: equational_theories/ManuallyProved/Equation1701.lean:99:35: This simp argument is unused:
  mod_two_ne_down_to

Hint: Omit it from the simp argument list.
  simp [̵s̵x̵_̵c̵o̵n̵g̵_̵1̵,̵s̵y̵_̵c̵o̵n̵g̵_̵0̵
  ̵ ̵ ̵ ̵ ̵ ̵ ̵ ̵ ̵ ̵ ̵ ̵ ̵ ̵ ̵,̵N̵a̵t̵.̵m̵o̵d̵_̵t̵w̵o̵_̵n̵e̵_̵z̵e̵r̵o̵,̵m̵o̵d̵_̵t̵w̵o̵_̵n̵e̵_̵d̵o̵w̵n̵_̵t̵o̵
  ̵ ̵ ̵ ̵ ̵ ̵ ̵ ̵ ̵ ̵ ̵ ̵ ̵ ̵ ̵,̵m̵o̵d̵_̵t̵w̵o̵_̵s̵u̵c̵c̵_̵0̵_̵1̵_̵f̵r̵o̵m̵,̵m̵o̵d̵_̵t̵w̵o̵_̵s̵u̵c̵c̵_̵1̵_̵0̵_̵f̵r̵o̵m̵
  ̵ ̵ ̵ ̵ ̵ ̵ ̵ ̵ ̵ ̵ ̵ ̵ ̵ ̵ ̵,̵m̵o̵d̵_̵t̵w̵o̵_̵p̵r̵e̵d̵_̵0̵_̵1̵_̵t̵o̵,̵m̵o̵d̵_̵t̵w̵o̵_̵p̵r̵e̵d̵_̵1̵_̵0̵_̵t̵o̵
  ̵ ̵ ̵ ̵ ̵ ̵ ̵ ̵ ̵ ̵ ̵ ̵ ̵ ̵ ̵]̵[̲s̲x̲_̲c̲o̲n̲g̲_̲1̲,̲ ̲s̲y̲_̲c̲o̲n̲g̲_̲0̲,̲ ̲N̲a̲t̲.̲m̲o̲d̲_̲t̲w̲o̲_̲n̲e̲_̲z̲e̲r̲o̲,̲ ̲m̲o̲d̲_̲t̲w̲o̲_̲s̲u̲c̲c̲_̲0̲_̲1̲_̲f̲r̲o̲m̲,̲
  ̲ ̲ ̲ ̲ ̲ ̲ ̲ ̲ ̲ ̲ ̲m̲o̲d̲_̲t̲w̲o̲_̲s̲u̲c̲c̲_̲1̲_̲0̲_̲f̲r̲o̲m̲,̲ ̲m̲o̲d̲_̲t̲w̲o̲_̲p̲r̲e̲d̲_̲0̲_̲1̲_̲t̲o̲,̲ ̲m̲o̲d̲_̲t̲w̲o̲_̲p̲r̲e̲d̲_̲1̲_̲0̲_̲t̲o̲]̲

Note: This linter can be disabled with `set_option linter.unusedSimpArgs false`
warning: equational_theories/ManuallyProved/Equation1701.lean:100:15: This simp argument is unused:
  mod_two_succ_0_1_from

Hint: Omit it from the simp argument list.
  simp [̵s̵x̵_̵c̵o̵n̵g̵_̵1̵,̵s̵y̵_̵c̵o̵n̵g̵_̵0̵
  ̵ ̵ ̵ ̵ ̵ ̵ ̵ ̵ ̵ ̵ ̵ ̵ ̵ ̵ ̵,̵N̵a̵t̵.̵m̵o̵d̵_̵t̵w̵o̵_̵n̵e̵_̵z̵e̵r̵o̵,̵m̵o̵d̵_̵t̵w̵o̵_̵n̵e̵_̵d̵o̵w̵n̵_̵t̵o̵
  ̵ ̵ ̵ ̵ ̵ ̵ ̵ ̵ ̵ ̵ ̵ ̵ ̵ ̵ ̵,̵m̵o̵d̵_̵t̵w̵o̵_̵s̵u̵c̵c̵_̵0̵_̵1̵_̵f̵r̵o̵m̵,̵m̵o̵d̵_̵t̵w̵o̵_̵s̵u̵c̵c̵_̵1̵_̵0̵_̵f̵r̵o̵m̵
  ̵ ̵ ̵ ̵ ̵ ̵ ̵ ̵ ̵ ̵ ̵ ̵ ̵ ̵ ̵,̵m̵o̵d̵_̵t̵w̵o̵_̵p̵r̵e̵d̵_̵0̵_̵1̵_̵t̵o̵,̵m̵o̵d̵_̵t̵w̵o̵_̵p̵r̵e̵d̵_̵1̵_̵0̵_̵t̵o̵
  ̵ ̵ ̵ ̵ ̵ ̵ ̵ ̵ ̵ ̵ ̵ ̵ ̵ ̵ ̵]̵[̲s̲x̲_̲c̲o̲n̲g̲_̲1̲,̲ ̲s̲y̲_̲c̲o̲n̲g̲_̲0̲,̲ ̲N̲a̲t̲.̲m̲o̲d̲_̲t̲w̲o̲_̲n̲e̲_̲z̲e̲r̲o̲,̲ ̲m̲o̲d̲_̲t̲w̲o̲_̲n̲e̲_̲d̲o̲w̲n̲_̲t̲o̲,̲
  ̲ ̲ ̲ ̲ ̲ ̲ ̲ ̲ ̲ ̲ ̲m̲o̲d̲_̲t̲w̲o̲_̲s̲u̲c̲c̲_̲1̲_̲0̲_̲f̲r̲o̲m̲,̲ ̲m̲o̲d̲_̲t̲w̲o̲_̲p̲r̲e̲d̲_̲0̲_̲1̲_̲t̲o̲,̲ ̲m̲o̲d̲_̲t̲w̲o̲_̲p̲r̲e̲d̲_̲1̲_̲0̲_̲t̲o̲]̲

Note: This linter can be disabled with `set_option linter.unusedSimpArgs false`
warning: equational_theories/ManuallyProved/Equation1701.lean:101:15: This simp argument is unused:
  mod_two_pred_0_1_to

Hint: Omit it from the simp argument list.
  simp [̵s̵x̵_̵c̵o̵n̵g̵_̵1̵,̵s̵y̵_̵c̵o̵n̵g̵_̵0̵
  ̵ ̵ ̵ ̵ ̵ ̵ ̵ ̵ ̵ ̵ ̵ ̵ ̵ ̵ ̵,̵N̵a̵t̵.̵m̵o̵d̵_̵t̵w̵o̵_̵n̵e̵_̵z̵e̵r̵o̵,̵m̵o̵d̵_̵t̵w̵o̵_̵n̵e̵_̵d̵o̵w̵n̵_̵t̵o̵
  ̵ ̵ ̵ ̵ ̵ ̵ ̵ ̵ ̵ ̵ ̵ ̵ ̵ ̵ ̵,̵m̵o̵d̵_̵t̵w̵o̵_̵s̵u̵c̵c̵_̵0̵_̵1̵_̵f̵r̵o̵m̵,̵m̵o̵d̵_̵t̵w̵o̵_̵s̵u̵c̵c̵_̵1̵_̵0̵_̵f̵r̵o̵m̵
  ̵ ̵ ̵ ̵ ̵ ̵ ̵ ̵ ̵ ̵ ̵ ̵ ̵ ̵ ̵,̵m̵o̵d̵_̵t̵w̵o̵_̵p̵r̵e̵d̵_̵0̵_̵1̵_̵t̵o̵,̵m̵o̵d̵_̵t̵w̵o̵_̵p̵r̵e̵d̵_̵1̵_̵0̵_̵t̵o̵
  ̵ ̵ ̵ ̵ ̵ ̵ ̵ ̵ ̵ ̵ ̵ ̵ ̵ ̵ ̵]̵[̲s̲x̲_̲c̲o̲n̲g̲_̲1̲,̲ ̲s̲y̲_̲c̲o̲n̲g̲_̲0̲,̲ ̲N̲a̲t̲.̲m̲o̲d̲_̲t̲w̲o̲_̲n̲e̲_̲z̲e̲r̲o̲,̲ ̲m̲o̲d̲_̲t̲w̲o̲_̲n̲e̲_̲d̲o̲w̲n̲_̲t̲o̲,̲
  ̲ ̲ ̲ ̲ ̲ ̲ ̲ ̲ ̲ ̲ ̲m̲o̲d̲_̲t̲w̲o̲_̲s̲u̲c̲c̲_̲0̲_̲1̲_̲f̲r̲o̲m̲,̲ ̲m̲o̲d̲_̲t̲w̲o̲_̲s̲u̲c̲c̲_̲1̲_̲0̲_̲f̲r̲o̲m̲,̲ ̲m̲o̲d̲_̲t̲w̲o̲_̲p̲r̲e̲d̲_̲1̲_̲0̲_̲t̲o̲]̲

Note: This linter can be disabled with `set_option linter.unusedSimpArgs false`
warning: equational_theories/ManuallyProved/Equation1701.lean:101:35: This simp argument is unused:
  mod_two_pred_1_0_to

Hint: Omit it from the simp argument list.
  simp [̵s̵x̵_̵c̵o̵n̵g̵_̵1̵,̵s̵y̵_̵c̵o̵n̵g̵_̵0̵
  ̵ ̵ ̵ ̵ ̵ ̵ ̵ ̵ ̵ ̵ ̵ ̵ ̵ ̵ ̵,̵N̵a̵t̵.̵m̵o̵d̵_̵t̵w̵o̵_̵n̵e̵_̵z̵e̵r̵o̵,̵m̵o̵d̵_̵t̵w̵o̵_̵n̵e̵_̵d̵o̵w̵n̵_̵t̵o̵
  ̵ ̵ ̵ ̵ ̵ ̵ ̵ ̵ ̵ ̵ ̵ ̵ ̵ ̵ ̵,̵m̵o̵d̵_̵t̵w̵o̵_̵s̵u̵c̵c̵_̵0̵_̵1̵_̵f̵r̵o̵m̵,̵m̵o̵d̵_̵t̵w̵o̵_̵s̵u̵c̵c̵_̵1̵_̵0̵_̵f̵r̵o̵m̵
  ̵ ̵ ̵ ̵ ̵ ̵ ̵ ̵ ̵ ̵ ̵ ̵ ̵ ̵ ̵,̵m̵o̵d̵_̵t̵w̵o̵_̵p̵r̵e̵d̵_̵0̵_̵1̵_̵t̵o̵,̵m̵o̵d̵_̵t̵w̵o̵_̵p̵r̵e̵d̵_̵1̵_̵0̵_̵t̵o̵
  ̵ ̵ ̵ ̵ ̵ ̵ ̵ ̵ ̵ ̵ ̵ ̵ ̵ ̵ ̵]̵[̲s̲x̲_̲c̲o̲n̲g̲_̲1̲,̲ ̲s̲y̲_̲c̲o̲n̲g̲_̲0̲,̲ ̲N̲a̲t̲.̲m̲o̲d̲_̲t̲w̲o̲_̲n̲e̲_̲z̲e̲r̲o̲,̲ ̲m̲o̲d̲_̲t̲w̲o̲_̲n̲e̲_̲d̲o̲w̲n̲_̲t̲o̲,̲
  ̲ ̲ ̲ ̲ ̲ ̲ ̲ ̲ ̲ ̲ ̲m̲o̲d̲_̲t̲w̲o̲_̲s̲u̲c̲c̲_̲0̲_̲1̲_̲f̲r̲o̲m̲,̲ ̲m̲o̲d̲_̲t̲w̲o̲_̲s̲u̲c̲c̲_̲1̲_̲0̲_̲f̲r̲o̲m̲,̲ ̲m̲o̲d̲_̲t̲w̲o̲_̲p̲r̲e̲d̲_̲0̲_̲1̲_̲t̲o̲]̲

Note: This linter can be disabled with `set_option linter.unusedSimpArgs false`
warning: equational_theories/ManuallyProved/Equation1701.lean:105:15: This simp argument is unused:
  Nat.mod_two_ne_zero

Hint: Omit it from the simp argument list.
  simp [̵s̵x̵_̵c̵o̵n̵g̵_̵1̵,̵s̵y̵_̵c̵o̵n̵g̵_̵1̵
  ̵ ̵ ̵ ̵ ̵ ̵ ̵ ̵ ̵ ̵ ̵ ̵ ̵ ̵ ̵,̵N̵a̵t̵.̵m̵o̵d̵_̵t̵w̵o̵_̵n̵e̵_̵z̵e̵r̵o̵,̵m̵o̵d̵_̵t̵w̵o̵_̵n̵e̵_̵d̵o̵w̵n̵_̵t̵o̵
  ̵ ̵ ̵ ̵ ̵ ̵ ̵ ̵ ̵ ̵ ̵ ̵ ̵ ̵ ̵,̵m̵o̵d̵_̵t̵w̵o̵_̵s̵u̵c̵c̵_̵0̵_̵1̵_̵f̵r̵o̵m̵,̵m̵o̵d̵_̵t̵w̵o̵_̵s̵u̵c̵c̵_̵1̵_̵0̵_̵f̵r̵o̵m̵
  ̵ ̵ ̵ ̵ ̵ ̵ ̵ ̵ ̵ ̵ ̵ ̵ ̵ ̵ ̵,̵m̵o̵d̵_̵t̵w̵o̵_̵p̵r̵e̵d̵_̵0̵_̵1̵_̵t̵o̵,̵m̵o̵d̵_̵t̵w̵o̵_̵p̵r̵e̵d̵_̵1̵_̵0̵_̵t̵o̵
  ̵ ̵ ̵ ̵ ̵ ̵ ̵ ̵ ̵ ̵ ̵ ̵ ̵ ̵ ̵]̵[̲s̲x̲_̲c̲o̲n̲g̲_̲1̲,̲ ̲s̲y̲_̲c̲o̲n̲g̲_̲1̲,̲ ̲m̲o̲d̲_̲t̲w̲o̲_̲n̲e̲_̲d̲o̲w̲n̲_̲t̲o̲,̲ ̲m̲o̲d̲_̲t̲w̲o̲_̲s̲u̲c̲c̲_̲0̲_̲1̲_̲f̲r̲o̲m̲,̲
  ̲ ̲ ̲ ̲ ̲ ̲ ̲ ̲ ̲ ̲ ̲ ̲ ̲m̲o̲d̲_̲t̲w̲o̲_̲s̲u̲c̲c̲_̲1̲_̲0̲_̲f̲r̲o̲m̲,̲ ̲m̲o̲d̲_̲t̲w̲o̲_̲p̲r̲e̲d̲_̲0̲_̲1̲_̲t̲o̲,̲ ̲m̲o̲d̲_̲t̲w̲o̲_̲p̲r̲e̲d̲_̲1̲_̲0̲_̲t̲o̲]̲

Note: This linter can be disabled with `set_option linter.unusedSimpArgs false`
warning: equational_theories/ManuallyProved/Equation1701.lean:105:35: This simp argument is unused:
  mod_two_ne_down_to

Hint: Omit it from the simp argument list.
  simp [̵s̵x̵_̵c̵o̵n̵g̵_̵1̵,̵s̵y̵_̵c̵o̵n̵g̵_̵1̵
  ̵ ̵ ̵ ̵ ̵ ̵ ̵ ̵ ̵ ̵ ̵ ̵ ̵ ̵ ̵,̵N̵a̵t̵.̵m̵o̵d̵_̵t̵w̵o̵_̵n̵e̵_̵z̵e̵r̵o̵,̵m̵o̵d̵_̵t̵w̵o̵_̵n̵e̵_̵d̵o̵w̵n̵_̵t̵o̵
  ̵ ̵ ̵ ̵ ̵ ̵ ̵ ̵ ̵ ̵ ̵ ̵ ̵ ̵ ̵,̵m̵o̵d̵_̵t̵w̵o̵_̵s̵u̵c̵c̵_̵0̵_̵1̵_̵f̵r̵o̵m̵,̵m̵o̵d̵_̵t̵w̵o̵_̵s̵u̵c̵c̵_̵1̵_̵0̵_̵f̵r̵o̵m̵
  ̵ ̵ ̵ ̵ ̵ ̵ ̵ ̵ ̵ ̵ ̵ ̵ ̵ ̵ ̵,̵m̵o̵d̵_̵t̵w̵o̵_̵p̵r̵e̵d̵_̵0̵_̵1̵_̵t̵o̵,̵m̵o̵d̵_̵t̵w̵o̵_̵p̵r̵e̵d̵_̵1̵_̵0̵_̵t̵o̵
  ̵ ̵ ̵ ̵ ̵ ̵ ̵ ̵ ̵ ̵ ̵ ̵ ̵ ̵ ̵]̵[̲s̲x̲_̲c̲o̲n̲g̲_̲1̲,̲ ̲s̲y̲_̲c̲o̲n̲g̲_̲1̲,̲ ̲N̲a̲t̲.̲m̲o̲d̲_̲t̲w̲o̲_̲n̲e̲_̲z̲e̲r̲o̲,̲ ̲m̲o̲d̲_̲t̲w̲o̲_̲s̲u̲c̲c̲_̲0̲_̲1̲_̲f̲r̲o̲m̲,̲
  ̲ ̲ ̲ ̲ ̲ ̲ ̲ ̲ ̲ ̲ ̲ ̲ ̲m̲o̲d̲_̲t̲w̲o̲_̲s̲u̲c̲c̲_̲1̲_̲0̲_̲f̲r̲o̲m̲,̲ ̲m̲o̲d̲_̲t̲w̲o̲_̲p̲r̲e̲d̲_̲0̲_̲1̲_̲t̲o̲,̲ ̲m̲o̲d̲_̲t̲w̲o̲_̲p̲r̲e̲d̲_̲1̲_̲0̲_̲t̲o̲]̲

Note: This linter can be disabled with `set_option linter.unusedSimpArgs false`
warning: equational_theories/ManuallyProved/Equation1701.lean:106:15: This simp argument is unused:
  mod_two_succ_0_1_from

Hint: Omit it from the simp argument list.
  simp [̵s̵x̵_̵c̵o̵n̵g̵_̵1̵,̵s̵y̵_̵c̵o̵n̵g̵_̵1̵
  ̵ ̵ ̵ ̵ ̵ ̵ ̵ ̵ ̵ ̵ ̵ ̵ ̵ ̵ ̵,̵N̵a̵t̵.̵m̵o̵d̵_̵t̵w̵o̵_̵n̵e̵_̵z̵e̵r̵o̵,̵m̵o̵d̵_̵t̵w̵o̵_̵n̵e̵_̵d̵o̵w̵n̵_̵t̵o̵
  ̵ ̵ ̵ ̵ ̵ ̵ ̵ ̵ ̵ ̵ ̵ ̵ ̵ ̵ ̵,̵m̵o̵d̵_̵t̵w̵o̵_̵s̵u̵c̵c̵_̵0̵_̵1̵_̵f̵r̵o̵m̵,̵m̵o̵d̵_̵t̵w̵o̵_̵s̵u̵c̵c̵_̵1̵_̵0̵_̵f̵r̵o̵m̵
  ̵ ̵ ̵ ̵ ̵ ̵ ̵ ̵ ̵ ̵ ̵ ̵ ̵ ̵ ̵,̵m̵o̵d̵_̵t̵w̵o̵_̵p̵r̵e̵d̵_̵0̵_̵1̵_̵t̵o̵,̵m̵o̵d̵_̵t̵w̵o̵_̵p̵r̵e̵d̵_̵1̵_̵0̵_̵t̵o̵
  ̵ ̵ ̵ ̵ ̵ ̵ ̵ ̵ ̵ ̵ ̵ ̵ ̵ ̵ ̵]̵[̲s̲x̲_̲c̲o̲n̲g̲_̲1̲,̲ ̲s̲y̲_̲c̲o̲n̲g̲_̲1̲,̲ ̲N̲a̲t̲.̲m̲o̲d̲_̲t̲w̲o̲_̲n̲e̲_̲z̲e̲r̲o̲,̲ ̲m̲o̲d̲_̲t̲w̲o̲_̲n̲e̲_̲d̲o̲w̲n̲_̲t̲o̲,̲
  ̲ ̲ ̲ ̲ ̲ ̲ ̲ ̲ ̲ ̲ ̲ ̲ ̲m̲o̲d̲_̲t̲w̲o̲_̲s̲u̲c̲c̲_̲1̲_̲0̲_̲f̲r̲o̲m̲,̲ ̲m̲o̲d̲_̲t̲w̲o̲_̲p̲r̲e̲d̲_̲0̲_̲1̲_̲t̲o̲,̲ ̲m̲o̲d̲_̲t̲w̲o̲_̲p̲r̲e̲d̲_̲1̲_̲0̲_̲t̲o̲]̲

Note: This linter can be disabled with `set_option linter.unusedSimpArgs false`
warning: equational_theories/ManuallyProved/Equation1701.lean:107:15: This simp argument is unused:
  mod_two_pred_0_1_to

Hint: Omit it from the simp argument list.
  simp [̵s̵x̵_̵c̵o̵n̵g̵_̵1̵,̵s̵y̵_̵c̵o̵n̵g̵_̵1̵
  ̵ ̵ ̵ ̵ ̵ ̵ ̵ ̵ ̵ ̵ ̵ ̵ ̵ ̵ ̵,̵N̵a̵t̵.̵m̵o̵d̵_̵t̵w̵o̵_̵n̵e̵_̵z̵e̵r̵o̵,̵m̵o̵d̵_̵t̵w̵o̵_̵n̵e̵_̵d̵o̵w̵n̵_̵t̵o̵
  ̵ ̵ ̵ ̵ ̵ ̵ ̵ ̵ ̵ ̵ ̵ ̵ ̵ ̵ ̵,̵m̵o̵d̵_̵t̵w̵o̵_̵s̵u̵c̵c̵_̵0̵_̵1̵_̵f̵r̵o̵m̵,̵m̵o̵d̵_̵t̵w̵o̵_̵s̵u̵c̵c̵_̵1̵_̵0̵_̵f̵r̵o̵m̵
  ̵ ̵ ̵ ̵ ̵ ̵ ̵ ̵ ̵ ̵ ̵ ̵ ̵ ̵ ̵,̵m̵o̵d̵_̵t̵w̵o̵_̵p̵r̵e̵d̵_̵0̵_̵1̵_̵t̵o̵,̵m̵o̵d̵_̵t̵w̵o̵_̵p̵r̵e̵d̵_̵1̵_̵0̵_̵t̵o̵
  ̵ ̵ ̵ ̵ ̵ ̵ ̵ ̵ ̵ ̵ ̵ ̵ ̵ ̵ ̵]̵[̲s̲x̲_̲c̲o̲n̲g̲_̲1̲,̲ ̲s̲y̲_̲c̲o̲n̲g̲_̲1̲,̲ ̲N̲a̲t̲.̲m̲o̲d̲_̲t̲w̲o̲_̲n̲e̲_̲z̲e̲r̲o̲,̲ ̲m̲o̲d̲_̲t̲w̲o̲_̲n̲e̲_̲d̲o̲w̲n̲_̲t̲o̲,̲
  ̲ ̲ ̲ ̲ ̲ ̲ ̲ ̲ ̲ ̲ ̲ ̲ ̲m̲o̲d̲_̲t̲w̲o̲_̲s̲u̲c̲c̲_̲0̲_̲1̲_̲f̲r̲o̲m̲,̲ ̲m̲o̲d̲_̲t̲w̲o̲_̲s̲u̲c̲c̲_̲1̲_̲0̲_̲f̲r̲o̲m̲,̲ ̲m̲o̲d̲_̲t̲w̲o̲_̲p̲r̲e̲d̲_̲1̲_̲0̲_̲t̲o̲]̲

Note: This linter can be disabled with `set_option linter.unusedSimpArgs false`
warning: equational_theories/ManuallyProved/Equation1701.lean:115:15: This simp argument is unused:
  Nat.mod_two_ne_zero

Hint: Omit it from the simp argument list.
  simp [̵s̵x̵_̵c̵o̵n̵g̵_̵0̵
  ̵ ̵ ̵ ̵ ̵ ̵ ̵ ̵ ̵ ̵ ̵ ̵ ̵ ̵ ̵,̵N̵a̵t̵.̵m̵o̵d̵_̵t̵w̵o̵_̵n̵e̵_̵z̵e̵r̵o̵,̵m̵o̵d̵_̵t̵w̵o̵_̵n̵e̵_̵d̵o̵w̵n̵_̵t̵o̵
  ̵ ̵ ̵ ̵ ̵ ̵ ̵ ̵ ̵ ̵ ̵ ̵ ̵ ̵ ̵,̵m̵o̵d̵_̵t̵w̵o̵_̵s̵u̵c̵c̵_̵0̵_̵1̵_̵f̵r̵o̵m̵,̵m̵o̵d̵_̵t̵w̵o̵_̵s̵u̵c̵c̵_̵1̵_̵0̵_̵f̵r̵o̵m̵
  ̵ ̵ ̵ ̵ ̵ ̵ ̵ ̵ ̵ ̵ ̵ ̵ ̵ ̵ ̵,̵m̵o̵d̵_̵t̵w̵o̵_̵p̵r̵e̵d̵_̵0̵_̵1̵_̵t̵o̵,̵m̵o̵d̵_̵t̵w̵o̵_̵p̵r̵e̵d̵_̵1̵_̵0̵_̵t̵o̵
  ̵ ̵ ̵ ̵ ̵ ̵ ̵ ̵ ̵ ̵ ̵ ̵ ̵ ̵ ̵]̵[̲s̲x̲_̲c̲o̲n̲g̲_̲0̲,̲ ̲m̲o̲d̲_̲t̲w̲o̲_̲n̲e̲_̲d̲o̲w̲n̲_̲t̲o̲,̲ ̲m̲o̲d̲_̲t̲w̲o̲_̲s̲u̲c̲c̲_̲0̲_̲1̲_̲f̲r̲o̲m̲,̲ ̲m̲o̲d̲_̲t̲w̲o̲_̲s̲u̲c̲c̲_̲1̲_̲0̲_̲f̲r̲o̲m̲,̲
  ̲ ̲ ̲ ̲ ̲ ̲ ̲ ̲ ̲ ̲ ̲m̲o̲d̲_̲t̲w̲o̲_̲p̲r̲e̲d̲_̲0̲_̲1̲_̲t̲o̲,̲ ̲m̲o̲d̲_̲t̲w̲o̲_̲p̲r̲e̲d̲_̲1̲_̲0̲_̲t̲o̲]̲

Note: This linter can be disabled with `set_option linter.unusedSimpArgs false`
warning: equational_theories/ManuallyProved/Equation1701.lean:115:35: This simp argument is unused:
  mod_two_ne_down_to

Hint: Omit it from the simp argument list.
  simp [̵s̵x̵_̵c̵o̵n̵g̵_̵0̵
  ̵ ̵ ̵ ̵ ̵ ̵ ̵ ̵ ̵ ̵ ̵ ̵ ̵ ̵ ̵,̵N̵a̵t̵.̵m̵o̵d̵_̵t̵w̵o̵_̵n̵e̵_̵z̵e̵r̵o̵,̵m̵o̵d̵_̵t̵w̵o̵_̵n̵e̵_̵d̵o̵w̵n̵_̵t̵o̵
  ̵ ̵ ̵ ̵ ̵ ̵ ̵ ̵ ̵ ̵ ̵ ̵ ̵ ̵ ̵,̵m̵o̵d̵_̵t̵w̵o̵_̵s̵u̵c̵c̵_̵0̵_̵1̵_̵f̵r̵o̵m̵,̵m̵o̵d̵_̵t̵w̵o̵_̵s̵u̵c̵c̵_̵1̵_̵0̵_̵f̵r̵o̵m̵
  ̵ ̵ ̵ ̵ ̵ ̵ ̵ ̵ ̵ ̵ ̵ ̵ ̵ ̵ ̵,̵m̵o̵d̵_̵t̵w̵o̵_̵p̵r̵e̵d̵_̵0̵_̵1̵_̵t̵o̵,̵m̵o̵d̵_̵t̵w̵o̵_̵p̵r̵e̵d̵_̵1̵_̵0̵_̵t̵o̵
  ̵ ̵ ̵ ̵ ̵ ̵ ̵ ̵ ̵ ̵ ̵ ̵ ̵ ̵ ̵]̵[̲s̲x̲_̲c̲o̲n̲g̲_̲0̲,̲ ̲N̲a̲t̲.̲m̲o̲d̲_̲t̲w̲o̲_̲n̲e̲_̲z̲e̲r̲o̲,̲ ̲m̲o̲d̲_̲t̲w̲o̲_̲s̲u̲c̲c̲_̲0̲_̲1̲_̲f̲r̲o̲m̲,̲ ̲m̲o̲d̲_̲t̲w̲o̲_̲s̲u̲c̲c̲_̲1̲_̲0̲_̲f̲r̲o̲m̲,̲
  ̲ ̲ ̲ ̲ ̲ ̲ ̲ ̲ ̲ ̲ ̲m̲o̲d̲_̲t̲w̲o̲_̲p̲r̲e̲d̲_̲0̲_̲1̲_̲t̲o̲,̲ ̲m̲o̲d̲_̲t̲w̲o̲_̲p̲r̲e̲d̲_̲1̲_̲0̲_̲t̲o̲]̲

Note: This linter can be disabled with `set_option linter.unusedSimpArgs false`
warning: equational_theories/ManuallyProved/Equation1701.lean:116:37: This simp argument is unused:
  mod_two_succ_1_0_from

Hint: Omit it from the simp argument list.
  simp [̵s̵x̵_̵c̵o̵n̵g̵_̵0̵
  ̵ ̵ ̵ ̵ ̵ ̵ ̵ ̵ ̵ ̵ ̵ ̵ ̵ ̵ ̵,̵N̵a̵t̵.̵m̵o̵d̵_̵t̵w̵o̵_̵n̵e̵_̵z̵e̵r̵o̵,̵m̵o̵d̵_̵t̵w̵o̵_̵n̵e̵_̵d̵o̵w̵n̵_̵t̵o̵
  ̵ ̵ ̵ ̵ ̵ ̵ ̵ ̵ ̵ ̵ ̵ ̵ ̵ ̵ ̵,̵m̵o̵d̵_̵t̵w̵o̵_̵s̵u̵c̵c̵_̵0̵_̵1̵_̵f̵r̵o̵m̵,̵m̵o̵d̵_̵t̵w̵o̵_̵s̵u̵c̵c̵_̵1̵_̵0̵_̵f̵r̵o̵m̵
  ̵ ̵ ̵ ̵ ̵ ̵ ̵ ̵ ̵ ̵ ̵ ̵ ̵ ̵ ̵,̵m̵o̵d̵_̵t̵w̵o̵_̵p̵r̵e̵d̵_̵0̵_̵1̵_̵t̵o̵,̵m̵o̵d̵_̵t̵w̵o̵_̵p̵r̵e̵d̵_̵1̵_̵0̵_̵t̵o̵
  ̵ ̵ ̵ ̵ ̵ ̵ ̵ ̵ ̵ ̵ ̵ ̵ ̵ ̵ ̵]̵[̲s̲x̲_̲c̲o̲n̲g̲_̲0̲,̲ ̲N̲a̲t̲.̲m̲o̲d̲_̲t̲w̲o̲_̲n̲e̲_̲z̲e̲r̲o̲,̲ ̲m̲o̲d̲_̲t̲w̲o̲_̲n̲e̲_̲d̲o̲w̲n̲_̲t̲o̲,̲ ̲m̲o̲d̲_̲t̲w̲o̲_̲s̲u̲c̲c̲_̲0̲_̲1̲_̲f̲r̲o̲m̲,̲
  ̲ ̲ ̲ ̲ ̲ ̲ ̲ ̲ ̲ ̲ ̲m̲o̲d̲_̲t̲w̲o̲_̲p̲r̲e̲d̲_̲0̲_̲1̲_̲t̲o̲,̲ ̲m̲o̲d̲_̲t̲w̲o̲_̲p̲r̲e̲d̲_̲1̲_̲0̲_̲t̲o̲]̲

Note: This linter can be disabled with `set_option linter.unusedSimpArgs false`
warning: equational_theories/ManuallyProved/Equation1701.lean:117:35: This simp argument is unused:
  mod_two_pred_1_0_to

Hint: Omit it from the simp argument list.
  simp [̵s̵x̵_̵c̵o̵n̵g̵_̵0̵
  ̵ ̵ ̵ ̵ ̵ ̵ ̵ ̵ ̵ ̵ ̵ ̵ ̵ ̵ ̵,̵N̵a̵t̵.̵m̵o̵d̵_̵t̵w̵o̵_̵n̵e̵_̵z̵e̵r̵o̵,̵m̵o̵d̵_̵t̵w̵o̵_̵n̵e̵_̵d̵o̵w̵n̵_̵t̵o̵
  ̵ ̵ ̵ ̵ ̵ ̵ ̵ ̵ ̵ ̵ ̵ ̵ ̵ ̵ ̵,̵m̵o̵d̵_̵t̵w̵o̵_̵s̵u̵c̵c̵_̵0̵_̵1̵_̵f̵r̵o̵m̵,̵m̵o̵d̵_̵t̵w̵o̵_̵s̵u̵c̵c̵_̵1̵_̵0̵_̵f̵r̵o̵m̵
  ̵ ̵ ̵ ̵ ̵ ̵ ̵ ̵ ̵ ̵ ̵ ̵ ̵ ̵ ̵,̵m̵o̵d̵_̵t̵w̵o̵_̵p̵r̵e̵d̵_̵0̵_̵1̵_̵t̵o̵,̵m̵o̵d̵_̵t̵w̵o̵_̵p̵r̵e̵d̵_̵1̵_̵0̵_̵t̵o̵
  ̵ ̵ ̵ ̵ ̵ ̵ ̵ ̵ ̵ ̵ ̵ ̵ ̵ ̵ ̵]̵[̲s̲x̲_̲c̲o̲n̲g̲_̲0̲,̲ ̲N̲a̲t̲.̲m̲o̲d̲_̲t̲w̲o̲_̲n̲e̲_̲z̲e̲r̲o̲,̲ ̲m̲o̲d̲_̲t̲w̲o̲_̲n̲e̲_̲d̲o̲w̲n̲_̲t̲o̲,̲ ̲m̲o̲d̲_̲t̲w̲o̲_̲s̲u̲c̲c̲_̲0̲_̲1̲_̲f̲r̲o̲m̲,̲
  ̲ ̲ ̲ ̲ ̲ ̲ ̲ ̲ ̲ ̲ ̲m̲o̲d̲_̲t̲w̲o̲_̲s̲u̲c̲c̲_̲1̲_̲0̲_̲f̲r̲o̲m̲,̲ ̲m̲o̲d̲_̲t̲w̲o̲_̲p̲r̲e̲d̲_̲0̲_̲1̲_̲t̲o̲]̲

Note: This linter can be disabled with `set_option linter.unusedSimpArgs false`
warning: equational_theories/ManuallyProved/Equation1701.lean:121:15: This simp argument is unused:
  Nat.mod_two_ne_zero

Hint: Omit it from the simp argument list.
  simp [̵s̵x̵_̵c̵o̵n̵g̵_̵1̵
  ̵ ̵ ̵ ̵ ̵ ̵ ̵ ̵ ̵ ̵ ̵ ̵ ̵ ̵ ̵,̵N̵a̵t̵.̵m̵o̵d̵_̵t̵w̵o̵_̵n̵e̵_̵z̵e̵r̵o̵,̵m̵o̵d̵_̵t̵w̵o̵_̵n̵e̵_̵d̵o̵w̵n̵_̵t̵o̵
  ̵ ̵ ̵ ̵ ̵ ̵ ̵ ̵ ̵ ̵ ̵ ̵ ̵ ̵ ̵,̵m̵o̵d̵_̵t̵w̵o̵_̵s̵u̵c̵c̵_̵0̵_̵1̵_̵f̵r̵o̵m̵,̵m̵o̵d̵_̵t̵w̵o̵_̵s̵u̵c̵c̵_̵1̵_̵0̵_̵f̵r̵o̵m̵
  ̵ ̵ ̵ ̵ ̵ ̵ ̵ ̵ ̵ ̵ ̵ ̵ ̵ ̵ ̵,̵m̵o̵d̵_̵t̵w̵o̵_̵p̵r̵e̵d̵_̵0̵_̵1̵_̵t̵o̵,̵m̵o̵d̵_̵t̵w̵o̵_̵p̵r̵e̵d̵_̵1̵_̵0̵_̵t̵o̵
  ̵ ̵ ̵ ̵ ̵ ̵ ̵ ̵ ̵ ̵ ̵ ̵ ̵ ̵ ̵]̵[̲s̲x̲_̲c̲o̲n̲g̲_̲1̲,̲ ̲m̲o̲d̲_̲t̲w̲o̲_̲n̲e̲_̲d̲o̲w̲n̲_̲t̲o̲,̲ ̲m̲o̲d̲_̲t̲w̲o̲_̲s̲u̲c̲c̲_̲0̲_̲1̲_̲f̲r̲o̲m̲,̲ ̲m̲o̲d̲_̲t̲w̲o̲_̲s̲u̲c̲c̲_̲1̲_̲0̲_̲f̲r̲o̲m̲,̲
  ̲ ̲ ̲ ̲ ̲ ̲ ̲ ̲ ̲ ̲ ̲ ̲ ̲m̲o̲d̲_̲t̲w̲o̲_̲p̲r̲e̲d̲_̲0̲_̲1̲_̲t̲o̲,̲ ̲m̲o̲d̲_̲t̲w̲o̲_̲p̲r̲e̲d̲_̲1̲_̲0̲_̲t̲o̲]̲

Note: This linter can be disabled with `set_option linter.unusedSimpArgs false`
warning: equational_theories/ManuallyProved/Equation1701.lean:121:35: This simp argument is unused:
  mod_two_ne_down_to

Hint: Omit it from the simp argument list.
  simp [̵s̵x̵_̵c̵o̵n̵g̵_̵1̵
  ̵ ̵ ̵ ̵ ̵ ̵ ̵ ̵ ̵ ̵ ̵ ̵ ̵ ̵ ̵,̵N̵a̵t̵.̵m̵o̵d̵_̵t̵w̵o̵_̵n̵e̵_̵z̵e̵r̵o̵,̵m̵o̵d̵_̵t̵w̵o̵_̵n̵e̵_̵d̵o̵w̵n̵_̵t̵o̵
  ̵ ̵ ̵ ̵ ̵ ̵ ̵ ̵ ̵ ̵ ̵ ̵ ̵ ̵ ̵,̵m̵o̵d̵_̵t̵w̵o̵_̵s̵u̵c̵c̵_̵0̵_̵1̵_̵f̵r̵o̵m̵,̵m̵o̵d̵_̵t̵w̵o̵_̵s̵u̵c̵c̵_̵1̵_̵0̵_̵f̵r̵o̵m̵
  ̵ ̵ ̵ ̵ ̵ ̵ ̵ ̵ ̵ ̵ ̵ ̵ ̵ ̵ ̵,̵m̵o̵d̵_̵t̵w̵o̵_̵p̵r̵e̵d̵_̵0̵_̵1̵_̵t̵o̵,̵m̵o̵d̵_̵t̵w̵o̵_̵p̵r̵e̵d̵_̵1̵_̵0̵_̵t̵o̵
  ̵ ̵ ̵ ̵ ̵ ̵ ̵ ̵ ̵ ̵ ̵ ̵ ̵ ̵ ̵]̵[̲s̲x̲_̲c̲o̲n̲g̲_̲1̲,̲ ̲N̲a̲t̲.̲m̲o̲d̲_̲t̲w̲o̲_̲n̲e̲_̲z̲e̲r̲o̲,̲ ̲m̲o̲d̲_̲t̲w̲o̲_̲s̲u̲c̲c̲_̲0̲_̲1̲_̲f̲r̲o̲m̲,̲ ̲m̲o̲d̲_̲t̲w̲o̲_̲s̲u̲c̲c̲_̲1̲_̲0̲_̲f̲r̲o̲m̲,̲
  ̲ ̲ ̲ ̲ ̲ ̲ ̲ ̲ ̲ ̲ ̲ ̲ ̲m̲o̲d̲_̲t̲w̲o̲_̲p̲r̲e̲d̲_̲0̲_̲1̲_̲t̲o̲,̲ ̲m̲o̲d̲_̲t̲w̲o̲_̲p̲r̲e̲d̲_̲1̲_̲0̲_̲t̲o̲]̲

Note: This linter can be disabled with `set_option linter.unusedSimpArgs false`
warning: equational_theories/ManuallyProved/Equation1701.lean:122:15: This simp argument is unused:
  mod_two_succ_0_1_from

Hint: Omit it from the simp argument list.
  simp [̵s̵x̵_̵c̵o̵n̵g̵_̵1̵
  ̵ ̵ ̵ ̵ ̵ ̵ ̵ ̵ ̵ ̵ ̵ ̵ ̵ ̵ ̵,̵N̵a̵t̵.̵m̵o̵d̵_̵t̵w̵o̵_̵n̵e̵_̵z̵e̵r̵o̵,̵m̵o̵d̵_̵t̵w̵o̵_̵n̵e̵_̵d̵o̵w̵n̵_̵t̵o̵
  ̵ ̵ ̵ ̵ ̵ ̵ ̵ ̵ ̵ ̵ ̵ ̵ ̵ ̵ ̵,̵m̵o̵d̵_̵t̵w̵o̵_̵s̵u̵c̵c̵_̵0̵_̵1̵_̵f̵r̵o̵m̵,̵m̵o̵d̵_̵t̵w̵o̵_̵s̵u̵c̵c̵_̵1̵_̵0̵_̵f̵r̵o̵m̵
  ̵ ̵ ̵ ̵ ̵ ̵ ̵ ̵ ̵ ̵ ̵ ̵ ̵ ̵ ̵,̵m̵o̵d̵_̵t̵w̵o̵_̵p̵r̵e̵d̵_̵0̵_̵1̵_̵t̵o̵,̵m̵o̵d̵_̵t̵w̵o̵_̵p̵r̵e̵d̵_̵1̵_̵0̵_̵t̵o̵
  ̵ ̵ ̵ ̵ ̵ ̵ ̵ ̵ ̵ ̵ ̵ ̵ ̵ ̵ ̵]̵[̲s̲x̲_̲c̲o̲n̲g̲_̲1̲,̲ ̲N̲a̲t̲.̲m̲o̲d̲_̲t̲w̲o̲_̲n̲e̲_̲z̲e̲r̲o̲,̲ ̲m̲o̲d̲_̲t̲w̲o̲_̲n̲e̲_̲d̲o̲w̲n̲_̲t̲o̲,̲ ̲m̲o̲d̲_̲t̲w̲o̲_̲s̲u̲c̲c̲_̲1̲_̲0̲_̲f̲r̲o̲m̲,̲
  ̲ ̲ ̲ ̲ ̲ ̲ ̲ ̲ ̲ ̲ ̲ ̲ ̲m̲o̲d̲_̲t̲w̲o̲_̲p̲r̲e̲d̲_̲0̲_̲1̲_̲t̲o̲,̲ ̲m̲o̲d̲_̲t̲w̲o̲_̲p̲r̲e̲d̲_̲1̲_̲0̲_̲t̲o̲]̲

Note: This linter can be disabled with `set_option linter.unusedSimpArgs false`
warning: equational_theories/ManuallyProved/Equation1701.lean:123:15: This simp argument is unused:
  mod_two_pred_0_1_to

Hint: Omit it from the simp argument list.
  simp [̵s̵x̵_̵c̵o̵n̵g̵_̵1̵
  ̵ ̵ ̵ ̵ ̵ ̵ ̵ ̵ ̵ ̵ ̵ ̵ ̵ ̵ ̵,̵N̵a̵t̵.̵m̵o̵d̵_̵t̵w̵o̵_̵n̵e̵_̵z̵e̵r̵o̵,̵m̵o̵d̵_̵t̵w̵o̵_̵n̵e̵_̵d̵o̵w̵n̵_̵t̵o̵
  ̵ ̵ ̵ ̵ ̵ ̵ ̵ ̵ ̵ ̵ ̵ ̵ ̵ ̵ ̵,̵m̵o̵d̵_̵t̵w̵o̵_̵s̵u̵c̵c̵_̵0̵_̵1̵_̵f̵r̵o̵m̵,̵m̵o̵d̵_̵t̵w̵o̵_̵s̵u̵c̵c̵_̵1̵_̵0̵_̵f̵r̵o̵m̵
  ̵ ̵ ̵ ̵ ̵ ̵ ̵ ̵ ̵ ̵ ̵ ̵ ̵ ̵ ̵,̵m̵o̵d̵_̵t̵w̵o̵_̵p̵r̵e̵d̵_̵0̵_̵1̵_̵t̵o̵,̵m̵o̵d̵_̵t̵w̵o̵_̵p̵r̵e̵d̵_̵1̵_̵0̵_̵t̵o̵
  ̵ ̵ ̵ ̵ ̵ ̵ ̵ ̵ ̵ ̵ ̵ ̵ ̵ ̵ ̵]̵[̲s̲x̲_̲c̲o̲n̲g̲_̲1̲,̲ ̲N̲a̲t̲.̲m̲o̲d̲_̲t̲w̲o̲_̲n̲e̲_̲z̲e̲r̲o̲,̲ ̲m̲o̲d̲_̲t̲w̲o̲_̲n̲e̲_̲d̲o̲w̲n̲_̲t̲o̲,̲ ̲m̲o̲d̲_̲t̲w̲o̲_̲s̲u̲c̲c̲_̲0̲_̲1̲_̲f̲r̲o̲m̲,̲
  ̲ ̲ ̲ ̲ ̲ ̲ ̲ ̲ ̲ ̲ ̲ ̲ ̲m̲o̲d̲_̲t̲w̲o̲_̲s̲u̲c̲c̲_̲1̲_̲0̲_̲f̲r̲o̲m̲,̲ ̲m̲o̲d̲_̲t̲w̲o̲_̲p̲r̲e̲d̲_̲1̲_̲0̲_̲t̲o̲]̲

Note: This linter can be disabled with `set_option linter.unusedSimpArgs false`
warning: equational_theories/ManuallyProved/Equation1701.lean:123:35: This simp argument is unused:
  mod_two_pred_1_0_to

Hint: Omit it from the simp argument list.
  simp [̵s̵x̵_̵c̵o̵n̵g̵_̵1̵
  ̵ ̵ ̵ ̵ ̵ ̵ ̵ ̵ ̵ ̵ ̵ ̵ ̵ ̵ ̵,̵N̵a̵t̵.̵m̵o̵d̵_̵t̵w̵o̵_̵n̵e̵_̵z̵e̵r̵o̵,̵m̵o̵d̵_̵t̵w̵o̵_̵n̵e̵_̵d̵o̵w̵n̵_̵t̵o̵
  ̵ ̵ ̵ ̵ ̵ ̵ ̵ ̵ ̵ ̵ ̵ ̵ ̵ ̵ ̵,̵m̵o̵d̵_̵t̵w̵o̵_̵s̵u̵c̵c̵_̵0̵_̵1̵_̵f̵r̵o̵m̵,̵m̵o̵d̵_̵t̵w̵o̵_̵s̵u̵c̵c̵_̵1̵_̵0̵_̵f̵r̵o̵m̵
  ̵ ̵ ̵ ̵ ̵ ̵ ̵ ̵ ̵ ̵ ̵ ̵ ̵ ̵ ̵,̵m̵o̵d̵_̵t̵w̵o̵_̵p̵r̵e̵d̵_̵0̵_̵1̵_̵t̵o̵,̵m̵o̵d̵_̵t̵w̵o̵_̵p̵r̵e̵d̵_̵1̵_̵0̵_̵t̵o̵
  ̵ ̵ ̵ ̵ ̵ ̵ ̵ ̵ ̵ ̵ ̵ ̵ ̵ ̵ ̵]̵[̲s̲x̲_̲c̲o̲n̲g̲_̲1̲,̲ ̲N̲a̲t̲.̲m̲o̲d̲_̲t̲w̲o̲_̲n̲e̲_̲z̲e̲r̲o̲,̲ ̲m̲o̲d̲_̲t̲w̲o̲_̲n̲e̲_̲d̲o̲w̲n̲_̲t̲o̲,̲ ̲m̲o̲d̲_̲t̲w̲o̲_̲s̲u̲c̲c̲_̲0̲_̲1̲_̲f̲r̲o̲m̲,̲
  ̲ ̲ ̲ ̲ ̲ ̲ ̲ ̲ ̲ ̲ ̲ ̲ ̲m̲o̲d̲_̲t̲w̲o̲_̲s̲u̲c̲c̲_̲1̲_̲0̲_̲f̲r̲o̲m̲,̲ ̲m̲o̲d̲_̲t̲w̲o̲_̲p̲r̲e̲d̲_̲0̲_̲1̲_̲t̲o̲]̲

Note: This linter can be disabled with `set_option linter.unusedSimpArgs false`
warning: equational_theories/ManuallyProved/Equation1701.lean:178:18: This simp argument is unused:
  x_cong_0

Hint: Omit it from the simp argument list.
  simp [̵x̵_̵c̵o̵n̵g̵_̵0̵,̵x̵1̵_̵c̵o̵n̵g̵_̵1̵,̵z̵o̵_̵c̵o̵n̵g̵_̵0̵]̵[̲x̲1̲_̲c̲o̲n̲g̲_̲1̲,̲ ̲z̲o̲_̲c̲o̲n̲g̲_̲0̲]̲

Note: This linter can be disabled with `set_option linter.unusedSimpArgs false`
warning: equational_theories/ManuallyProved/Equation1701.lean:180:18: This simp argument is unused:
  x_cong_0

Hint: Omit it from the simp argument list.
  simp [̵x̵_̵c̵o̵n̵g̵_̵0̵,̵x̵3̵_̵c̵o̵n̵g̵_̵1̵,̵z̵o̵_̵c̵o̵n̵g̵_̵1̵]̵[̲x̲3̲_̲c̲o̲n̲g̲_̲1̲,̲ ̲z̲o̲_̲c̲o̲n̲g̲_̲1̲]̲

Note: This linter can be disabled with `set_option linter.unusedSimpArgs false`
warning: equational_theories/ManuallyProved/Equation1701.lean:187:18: This simp argument is unused:
  x_cong_1

Hint: Omit it from the simp argument list.
  simp [̵x̵_̵c̵o̵n̵g̵_̵1̵,̵z̵o̵_̵c̵o̵n̵g̵_̵0̵,̵x̵1̵_̵c̵o̵n̵g̵_̵0̵,̵x̵3̵_̵c̵o̵n̵g̵_̵0̵]̵[̲z̲o̲_̲c̲o̲n̲g̲_̲0̲,̲ ̲x̲1̲_̲c̲o̲n̲g̲_̲0̲,̲ ̲x̲3̲_̲c̲o̲n̲g̲_̲0̲]̲

Note: This linter can be disabled with `set_option linter.unusedSimpArgs false`
warning: equational_theories/ManuallyProved/Equation1701.lean:189:18: This simp argument is unused:
  x_cong_0

Hint: Omit it from the simp argument list.
  simp [̵x̵_̵c̵o̵n̵g̵_̵0̵,̵x̵1̵_̵c̵o̵n̵g̵_̵0̵,̵x̵3̵_̵c̵o̵n̵g̵_̵0̵,̵z̵o̵_̵c̵o̵n̵g̵_̵1̵]̵[̲x̲1̲_̲c̲o̲n̲g̲_̲0̲,̲ ̲x̲3̲_̲c̲o̲n̲g̲_̲0̲,̲ ̲z̲o̲_̲c̲o̲n̲g̲_̲1̲]̲

Note: This linter can be disabled with `set_option linter.unusedSimpArgs false`
warning: equational_theories/ManuallyProved/Equation1701.lean:197:18: This simp argument is unused:
  x_cong_0

Hint: Omit it from the simp argument list.
  simp [̵x̵_̵c̵o̵n̵g̵_̵0̵,̵x̵1̵_̵c̵o̵n̵g̵_̵1̵,̵x̵3̵_̵c̵o̵n̵g̵_̵1̵,̵z̵o̵_̵c̵o̵n̵g̵_̵0̵]̵[̲x̲1̲_̲c̲o̲n̲g̲_̲1̲,̲ ̲x̲3̲_̲c̲o̲n̲g̲_̲1̲,̲ ̲z̲o̲_̲c̲o̲n̲g̲_̲0̲]̲

Note: This linter can be disabled with `set_option linter.unusedSimpArgs false`
warning: equational_theories/ManuallyProved/Equation1701.lean:199:18: This simp argument is unused:
  x_cong_0

Hint: Omit it from the simp argument list.
  simp [̵x̵_̵c̵o̵n̵g̵_̵0̵,̵x̵1̵_̵c̵o̵n̵g̵_̵1̵,̵x̵3̵_̵c̵o̵n̵g̵_̵1̵,̵z̵o̵_̵c̵o̵n̵g̵_̵1̵]̵[̲x̲1̲_̲c̲o̲n̲g̲_̲1̲,̲ ̲x̲3̲_̲c̲o̲n̲g̲_̲1̲,̲ ̲z̲o̲_̲c̲o̲n̲g̲_̲1̲]̲

Note: This linter can be disabled with `set_option linter.unusedSimpArgs false`
warning: equational_theories/ManuallyProved/Equation1701.lean:206:18: This simp argument is unused:
  x_cong_1

Hint: Omit it from the simp argument list.
  simp [̵x̵_̵c̵o̵n̵g̵_̵1̵,̵z̵o̵_̵c̵o̵n̵g̵_̵0̵,̵x̵1̵_̵c̵o̵n̵g̵_̵0̵,̵x̵3̵_̵c̵o̵n̵g̵_̵0̵]̵[̲z̲o̲_̲c̲o̲n̲g̲_̲0̲,̲ ̲x̲1̲_̲c̲o̲n̲g̲_̲0̲,̲ ̲x̲3̲_̲c̲o̲n̲g̲_̲0̲]̲

Note: This linter can be disabled with `set_option linter.unusedSimpArgs false`
warning: equational_theories/ManuallyProved/Equation1701.lean:208:18: This simp argument is unused:
  x_cong_0

Hint: Omit it from the simp argument list.
  simp [̵x̵_̵c̵o̵n̵g̵_̵0̵,̵x̵1̵_̵c̵o̵n̵g̵_̵0̵,̵x̵3̵_̵c̵o̵n̵g̵_̵0̵,̵z̵o̵_̵c̵o̵n̵g̵_̵1̵]̵[̲x̲1̲_̲c̲o̲n̲g̲_̲0̲,̲ ̲x̲3̲_̲c̲o̲n̲g̲_̲0̲,̲ ̲z̲o̲_̲c̲o̲n̲g̲_̲1̲]̲

Note: This linter can be disabled with `set_option linter.unusedSimpArgs false`
warning: equational_theories/ManuallyProved/Equation1701.lean:208:37: This simp argument is unused:
  x3_cong_0

Hint: Omit it from the simp argument list.
  simp [̵x̵_̵c̵o̵n̵g̵_̵0̵,̵x̵1̵_̵c̵o̵n̵g̵_̵0̵,̵x̵3̵_̵c̵o̵n̵g̵_̵0̵,̵z̵o̵_̵c̵o̵n̵g̵_̵1̵]̵[̲x̲_̲c̲o̲n̲g̲_̲0̲,̲ ̲x̲1̲_̲c̲o̲n̲g̲_̲0̲,̲ ̲z̲o̲_̲c̲o̲n̲g̲_̲1̲]̲

Note: This linter can be disabled with `set_option linter.unusedSimpArgs false`
warning: equational_theories/ManuallyProved/Equation1701.lean:218:20: This simp argument is unused:
  x_cong_0

Hint: Omit it from the simp argument list.
  simp [̵x̵_̵c̵o̵n̵g̵_̵0̵,̵x̵1̵_̵c̵o̵n̵g̵_̵1̵,̵x̵3̵_̵c̵o̵n̵g̵_̵1̵,̵z̵o̵_̵c̵o̵n̵g̵_̵0̵]̵[̲x̲1̲_̲c̲o̲n̲g̲_̲1̲,̲ ̲x̲3̲_̲c̲o̲n̲g̲_̲1̲,̲ ̲z̲o̲_̲c̲o̲n̲g̲_̲0̲]̲

Note: This linter can be disabled with `set_option linter.unusedSimpArgs false`
warning: equational_theories/ManuallyProved/Equation1701.lean:218:39: This simp argument is unused:
  x3_cong_1

Hint: Omit it from the simp argument list.
  simp [̵x̵_̵c̵o̵n̵g̵_̵0̵,̵x̵1̵_̵c̵o̵n̵g̵_̵1̵,̵x̵3̵_̵c̵o̵n̵g̵_̵1̵,̵z̵o̵_̵c̵o̵n̵g̵_̵0̵]̵[̲x̲_̲c̲o̲n̲g̲_̲0̲,̲ ̲x̲1̲_̲c̲o̲n̲g̲_̲1̲,̲ ̲z̲o̲_̲c̲o̲n̲g̲_̲0̲]̲

Note: This linter can be disabled with `set_option linter.unusedSimpArgs false`
warning: equational_theories/ManuallyProved/Equation1701.lean:220:20: This simp argument is unused:
  x_cong_0

Hint: Omit it from the simp argument list.
  simp [̵x̵_̵c̵o̵n̵g̵_̵0̵,̵x̵1̵_̵c̵o̵n̵g̵_̵1̵,̵x̵3̵_̵c̵o̵n̵g̵_̵1̵,̵z̵o̵_̵c̵o̵n̵g̵_̵1̵]̵[̲x̲1̲_̲c̲o̲n̲g̲_̲1̲,̲ ̲x̲3̲_̲c̲o̲n̲g̲_̲1̲,̲ ̲z̲o̲_̲c̲o̲n̲g̲_̲1̲]̲

Note: This linter can be disabled with `set_option linter.unusedSimpArgs false`
warning: equational_theories/ManuallyProved/Equation1701.lean:224:20: This simp argument is unused:
  x_cong_0

Hint: Omit it from the simp argument list.
  simp [̵x̵_̵c̵o̵n̵g̵_̵0̵,̵x̵1̵_̵c̵o̵n̵g̵_̵1̵,̵x̵3̵_̵c̵o̵n̵g̵_̵1̵,̵z̵o̵_̵c̵o̵n̵g̵_̵0̵]̵[̲x̲1̲_̲c̲o̲n̲g̲_̲1̲,̲ ̲x̲3̲_̲c̲o̲n̲g̲_̲1̲,̲ ̲z̲o̲_̲c̲o̲n̲g̲_̲0̲]̲

Note: This linter can be disabled with `set_option linter.unusedSimpArgs false`
warning: equational_theories/ManuallyProved/Equation1701.lean:224:39: This simp argument is unused:
  x3_cong_1

Hint: Omit it from the simp argument list.
  simp [̵x̵_̵c̵o̵n̵g̵_̵0̵,̵x̵1̵_̵c̵o̵n̵g̵_̵1̵,̵x̵3̵_̵c̵o̵n̵g̵_̵1̵,̵z̵o̵_̵c̵o̵n̵g̵_̵0̵]̵[̲x̲_̲c̲o̲n̲g̲_̲0̲,̲ ̲x̲1̲_̲c̲o̲n̲g̲_̲1̲,̲ ̲z̲o̲_̲c̲o̲n̲g̲_̲0̲]̲

Note: This linter can be disabled with `set_option linter.unusedSimpArgs false`
warning: equational_theories/ManuallyProved/Equation1701.lean:226:20: This simp argument is unused:
  x_cong_0

Hint: Omit it from the simp argument list.
  simp [̵x̵_̵c̵o̵n̵g̵_̵0̵,̵x̵1̵_̵c̵o̵n̵g̵_̵1̵,̵x̵3̵_̵c̵o̵n̵g̵_̵1̵,̵z̵o̵_̵c̵o̵n̵g̵_̵1̵]̵[̲x̲1̲_̲c̲o̲n̲g̲_̲1̲,̲ ̲x̲3̲_̲c̲o̲n̲g̲_̲1̲,̲ ̲z̲o̲_̲c̲o̲n̲g̲_̲1̲]̲

Note: This linter can be disabled with `set_option linter.unusedSimpArgs false`
warning: equational_theories/ManuallyProved/Equation1701.lean:233:27: This simp argument is unused:
  x1_cong_0

Hint: Omit it from the simp argument list.
  simp [y_cong_0,̵x̵1̵_̵c̵o̵n̵g̵_̵0̵]

Note: This linter can be disabled with `set_option linter.unusedSimpArgs false`
warning: equational_theories/ManuallyProved/Equation1701.lean:235:20: This simp argument is unused:
  x_cong_1

Hint: Omit it from the simp argument list.
  simp [̵x̵_̵c̵o̵n̵g̵_̵1̵,̵x̵1̵_̵c̵o̵n̵g̵_̵0̵,̵x̵3̵_̵c̵o̵n̵g̵_̵0̵,̵z̵o̵_̵c̵o̵n̵g̵_̵0̵]̵[̲x̲1̲_̲c̲o̲n̲g̲_̲0̲,̲ ̲x̲3̲_̲c̲o̲n̲g̲_̲0̲,̲ ̲z̲o̲_̲c̲o̲n̲g̲_̲0̲]̲

Note: This linter can be disabled with `set_option linter.unusedSimpArgs false`
warning: equational_theories/ManuallyProved/Equation1701.lean:237:20: This simp argument is unused:
  x_cong_1

Hint: Omit it from the simp argument list.
  simp [̵x̵_̵c̵o̵n̵g̵_̵1̵,̵x̵1̵_̵c̵o̵n̵g̵_̵0̵,̵x̵3̵_̵c̵o̵n̵g̵_̵0̵,̵z̵o̵_̵c̵o̵n̵g̵_̵1̵]̵[̲x̲1̲_̲c̲o̲n̲g̲_̲0̲,̲ ̲x̲3̲_̲c̲o̲n̲g̲_̲0̲,̲ ̲z̲o̲_̲c̲o̲n̲g̲_̲1̲]̲

Note: This linter can be disabled with `set_option linter.unusedSimpArgs false`
warning: equational_theories/ManuallyProved/Equation1701.lean:239:27: This simp argument is unused:
  x3_cong_0

Hint: Omit it from the simp argument list.
  simp [y_cong_1,̵x̵3̵_̵c̵o̵n̵g̵_̵0̵]

Note: This linter can be disabled with `set_option linter.unusedSimpArgs false`
warning: equational_theories/ManuallyProved/Equation1701.lean:241:20: This simp argument is unused:
  x_cong_1

Hint: Omit it from the simp argument list.
  simp [̵x̵_̵c̵o̵n̵g̵_̵1̵,̵x̵1̵_̵c̵o̵n̵g̵_̵0̵,̵x̵3̵_̵c̵o̵n̵g̵_̵0̵,̵z̵o̵_̵c̵o̵n̵g̵_̵0̵]̵[̲x̲1̲_̲c̲o̲n̲g̲_̲0̲,̲ ̲x̲3̲_̲c̲o̲n̲g̲_̲0̲,̲ ̲z̲o̲_̲c̲o̲n̲g̲_̲0̲]̲

Note: This linter can be disabled with `set_option linter.unusedSimpArgs false`
warning: equational_theories/ManuallyProved/Equation1701.lean:243:20: This simp argument is unused:
  x_cong_1

Hint: Omit it from the simp argument list.
  simp [̵x̵_̵c̵o̵n̵g̵_̵1̵,̵x̵1̵_̵c̵o̵n̵g̵_̵0̵,̵x̵3̵_̵c̵o̵n̵g̵_̵0̵,̵z̵o̵_̵c̵o̵n̵g̵_̵1̵]̵[̲x̲1̲_̲c̲o̲n̲g̲_̲0̲,̲ ̲x̲3̲_̲c̲o̲n̲g̲_̲0̲,̲ ̲z̲o̲_̲c̲o̲n̲g̲_̲1̲]̲

Note: This linter can be disabled with `set_option linter.unusedSimpArgs false`
warning: equational_theories/ManuallyProved/Equation1701.lean:243:39: This simp argument is unused:
  x3_cong_0

Hint: Omit it from the simp argument list.
  simp [̵x̵_̵c̵o̵n̵g̵_̵1̵,̵x̵1̵_̵c̵o̵n̵g̵_̵0̵,̵x̵3̵_̵c̵o̵n̵g̵_̵0̵,̵z̵o̵_̵c̵o̵n̵g̵_̵1̵]̵[̲x̲_̲c̲o̲n̲g̲_̲1̲,̲ ̲x̲1̲_̲c̲o̲n̲g̲_̲0̲,̲ ̲z̲o̲_̲c̲o̲n̲g̲_̲1̲]̲

Note: This linter can be disabled with `set_option linter.unusedSimpArgs false`
warning: equational_theories/ManuallyProved/Equation1701.lean:252:39: This simp argument is unused:
  magN

Hint: Omit it from the simp argument list.
  simp only [Equation3253, not_forall, m̵a̵g̵N̵,̵ ̵op]

Note: This linter can be disabled with `set_option linter.unusedSimpArgs false`
warning: equational_theories/ManuallyProved/Equation1701.lean:252:45: This simp argument is unused:
  op

Hint: Omit it from the simp argument list.
  simp only [Equation3253, not_forall, magN,̵ ̵o̵p̵]

Note: This linter can be disabled with `set_option linter.unusedSimpArgs false`
warning: equational_theories/ManuallyProved/Equation1701.lean:328:67: This simp argument is unused:
  x4_cong_1

Hint: Omit it from the simp argument list.
  simp [op_1701_4587, x5_cong_0, y5_cong_0, z5_cong_1, x4̵_̵c̵o̵n̵g̵_̵1̵,̵ ̵x̵6_cong_1]

Note: This linter can be disabled with `set_option linter.unusedSimpArgs false`
warning: equational_theories/ManuallyProved/Equation1701.lean:334:67: This simp argument is unused:
  x4_cong_0

Hint: Omit it from the simp argument list.
  simp [op_1701_4587, x5_cong_1, y5_cong_0, z5_cong_0, x4̵_̵c̵o̵n̵g̵_̵0̵,̵ ̵x̵6_cong_0]

Note: This linter can be disabled with `set_option linter.unusedSimpArgs false`
warning: equational_theories/ManuallyProved/Equation1701.lean:390:39: This simp argument is unused:
  magN

Hint: Omit it from the simp argument list.
  simp only [Equation4587, not_forall, m̵a̵g̵N̵,̵ ̵op_1701_4587]

Note: This linter can be disabled with `set_option linter.unusedSimpArgs false`
warning: equational_theories/ManuallyProved/Equation1701.lean:390:45: This simp argument is unused:
  op_1701_4587

Hint: Omit it from the simp argument list.
  simp only [Equation4587, not_forall, magN,̵ ̵o̵p̵_̵1̵7̵0̵1̵_̵4̵5̵8̵7̵]

Note: This linter can be disabled with `set_option linter.unusedSimpArgs false`
✔ [3628/4729] Built equational_theories.Generated.All4x4Tables.Refutation874 (2.8s)
✔ [3629/4729] Built equational_theories.Generated.All4x4Tables.Refutation875 (2.9s)
✔ [3630/4729] Built equational_theories.Generated.All4x4Tables.Refutation873 (2.9s)
✔ [3631/4729] Built equational_theories.Generated.All4x4Tables.Refutation871 (2.7s)
✔ [3632/4729] Built equational_theories.Generated.All4x4Tables.Refutation872 (3.0s)
✔ [3633/4729] Built equational_theories.Generated.All4x4Tables.Refutation869 (2.9s)
✔ [3634/4729] Built equational_theories.Generated.All4x4Tables.Refutation926 (19s)
✔ [3635/4729] Built equational_theories.Generated.All4x4Tables.Refutation868 (2.9s)
✔ [3636/4729] Built equational_theories.Generated.All4x4Tables.Refutation870 (3.4s)
✔ [3637/4729] Built equational_theories.Generated.All4x4Tables.Refutation867 (2.9s)
✔ [3638/4729] Built equational_theories.Generated.All4x4Tables.Refutation865 (2.8s)
✔ [3639/4729] Built equational_theories.Generated.All4x4Tables.Refutation866 (3.0s)
✔ [3640/4729] Built equational_theories.Generated.All4x4Tables.Refutation864 (2.8s)
✔ [3641/4729] Built equational_theories.Generated.All4x4Tables.Refutation863 (2.6s)
✔ [3642/4729] Built equational_theories.Generated.All4x4Tables.Refutation862 (2.7s)
✔ [3643/4729] Built equational_theories.Generated.All4x4Tables.Refutation860 (2.6s)
✔ [3644/4729] Built equational_theories.Generated.All4x4Tables.Refutation861 (2.7s)
✔ [3645/4729] Built equational_theories.Generated.All4x4Tables.Refutation859 (2.7s)
✔ [3646/4729] Built equational_theories.Generated.All4x4Tables.Refutation857 (2.6s)
✔ [3647/4729] Built equational_theories.Generated.All4x4Tables.Refutation858 (2.9s)
✔ [3648/4729] Built equational_theories.Generated.All4x4Tables.Refutation856 (2.8s)
✔ [3649/4729] Built equational_theories.Generated.All4x4Tables.Refutation853 (2.7s)
✔ [3650/4729] Built equational_theories.Generated.All4x4Tables.Refutation854 (2.7s)
✔ [3651/4729] Built equational_theories.Generated.All4x4Tables.Refutation855 (2.9s)
✔ [3652/4729] Built equational_theories.Generated.All4x4Tables.Refutation852 (2.7s)
✔ [3653/4729] Built equational_theories.Generated.All4x4Tables.Refutation851 (2.8s)
✔ [3654/4729] Built equational_theories.Generated.All4x4Tables.Refutation850 (2.9s)
✔ [3655/4729] Built equational_theories.Generated.All4x4Tables.Refutation849 (2.8s)
✔ [3656/4729] Built equational_theories.Generated.All4x4Tables.Refutation848 (2.7s)
✔ [3657/4729] Built equational_theories.Generated.All4x4Tables.Refutation847 (2.7s)
✔ [3658/4729] Built equational_theories.Generated.All4x4Tables.Refutation846 (2.7s)
✔ [3659/4729] Built equational_theories.Generated.All4x4Tables.Refutation845 (2.7s)
✔ [3660/4729] Built equational_theories.Generated.All4x4Tables.Refutation844 (2.7s)
✔ [3661/4729] Built equational_theories.Generated.All4x4Tables.Refutation843 (2.7s)
✔ [3662/4729] Built equational_theories.Generated.All4x4Tables.Refutation842 (2.7s)
✔ [3663/4729] Built equational_theories.Generated.All4x4Tables.Refutation841 (2.6s)
✔ [3664/4729] Built equational_theories.Generated.All4x4Tables.Refutation839 (2.7s)
✔ [3665/4729] Built equational_theories.Generated.All4x4Tables.Refutation840 (2.7s)
✔ [3666/4729] Built equational_theories.Generated.All4x4Tables.Refutation838 (2.6s)
✔ [3667/4729] Built equational_theories.Generated.All4x4Tables.Refutation837 (2.7s)
✔ [3668/4729] Built equational_theories.Generated.All4x4Tables.Refutation836 (2.8s)
✔ [3669/4729] Built equational_theories.Generated.All4x4Tables.Refutation835 (2.6s)
✔ [3670/4729] Built equational_theories.Generated.All4x4Tables.Refutation833 (2.7s)
✔ [3671/4729] Built equational_theories.Generated.All4x4Tables.Refutation834 (2.9s)
✔ [3672/4729] Built equational_theories.Generated.All4x4Tables.Refutation831 (2.6s)
✔ [3673/4729] Built equational_theories.Generated.All4x4Tables.Refutation832 (2.8s)
✔ [3674/4729] Built equational_theories.Generated.All4x4Tables.Refutation830 (2.7s)
✔ [3675/4729] Built equational_theories.Generated.All4x4Tables.Refutation829 (2.7s)
✔ [3676/4729] Built equational_theories.Generated.All4x4Tables.Refutation828 (2.6s)
✔ [3677/4729] Built equational_theories.Generated.All4x4Tables.Refutation827 (2.6s)
✔ [3678/4729] Built equational_theories.Generated.All4x4Tables.Refutation826 (2.6s)
✔ [3679/4729] Built equational_theories.Generated.All4x4Tables.Refutation824 (2.6s)
✔ [3680/4729] Built equational_theories.Generated.All4x4Tables.Refutation825 (2.6s)
✔ [3681/4729] Built equational_theories.Generated.All4x4Tables.Refutation823 (2.7s)
✔ [3682/4729] Built equational_theories.Generated.All4x4Tables.Refutation822 (2.6s)
✔ [3683/4729] Built equational_theories.Generated.All4x4Tables.Refutation821 (2.6s)
✔ [3684/4729] Built equational_theories.Generated.All4x4Tables.Refutation820 (2.6s)
✔ [3685/4729] Built equational_theories.Generated.All4x4Tables.Refutation819 (2.6s)
✔ [3686/4729] Built equational_theories.Generated.All4x4Tables.Refutation816 (2.6s)
✔ [3687/4729] Built equational_theories.Generated.All4x4Tables.Refutation817 (2.8s)
✔ [3688/4729] Built equational_theories.Generated.All4x4Tables.Refutation818 (2.9s)
✔ [3689/4729] Built equational_theories.Generated.All4x4Tables.Refutation815 (2.8s)
✔ [3690/4729] Built equational_theories.Generated.All4x4Tables.Refutation813 (2.6s)
✔ [3691/4729] Built equational_theories.Generated.All4x4Tables.Refutation814 (2.9s)
✔ [3692/4729] Built equational_theories.Generated.All4x4Tables.Refutation812 (2.5s)
✔ [3693/4729] Built equational_theories.Generated.All4x4Tables.Refutation811 (2.5s)
✔ [3694/4729] Built equational_theories.Generated.All4x4Tables.Refutation810 (2.6s)
✔ [3695/4729] Built equational_theories.Generated.All4x4Tables.Refutation809 (2.7s)
✔ [3696/4729] Built equational_theories.Generated.All4x4Tables.Refutation808 (2.6s)
✔ [3697/4729] Built equational_theories.Generated.All4x4Tables.Refutation807 (2.6s)
✔ [3698/4729] Built equational_theories.Generated.All4x4Tables.Refutation805 (2.6s)
✔ [3699/4729] Built equational_theories.Generated.All4x4Tables.Refutation806 (2.7s)
✔ [3700/4729] Built equational_theories.Generated.All4x4Tables.Refutation804 (2.5s)
✔ [3701/4729] Built equational_theories.Generated.All4x4Tables.Refutation802 (2.6s)
✔ [3702/4729] Built equational_theories.Generated.All4x4Tables.Refutation803 (2.7s)
✔ [3703/4729] Built equational_theories.Generated.All4x4Tables.Refutation801 (2.7s)
✔ [3704/4729] Built equational_theories.Generated.All4x4Tables.Refutation800 (2.7s)
✔ [3705/4729] Built equational_theories.Generated.All4x4Tables.Refutation799 (2.6s)
✔ [3706/4729] Built equational_theories.Generated.All4x4Tables.Refutation797 (2.7s)
✔ [3707/4729] Built equational_theories.Generated.All4x4Tables.Refutation798 (2.8s)
✔ [3708/4729] Built equational_theories.ManuallyProved.Equation1692 (64s)
✔ [3709/4729] Built equational_theories.Generated.All4x4Tables.Refutation796 (2.6s)
✔ [3710/4729] Built equational_theories.Generated.All4x4Tables.Refutation795 (2.7s)
✔ [3711/4729] Built equational_theories.Generated.All4x4Tables.Refutation793 (2.6s)
✔ [3712/4729] Built equational_theories.Generated.All4x4Tables.Refutation794 (2.6s)
✔ [3713/4729] Built equational_theories.Generated.All4x4Tables.Refutation792 (2.6s)
✔ [3714/4729] Built equational_theories.Generated.All4x4Tables.Refutation790 (2.7s)
✔ [3715/4729] Built equational_theories.Generated.All4x4Tables.Refutation789 (2.6s)
✔ [3716/4729] Built equational_theories.Generated.All4x4Tables.Refutation791 (2.9s)
✔ [3717/4729] Built equational_theories.Generated.All4x4Tables.Refutation788 (2.8s)
✔ [3718/4729] Built equational_theories.Generated.All4x4Tables.Refutation786 (2.7s)
✔ [3719/4729] Built equational_theories.Generated.All4x4Tables.Refutation787 (2.8s)
✔ [3720/4729] Built equational_theories.Generated.All4x4Tables.Refutation784 (2.5s)
✔ [3721/4729] Built equational_theories.Generated.All4x4Tables.Refutation785 (2.7s)
✔ [3722/4729] Built equational_theories.Generated.All4x4Tables.Refutation780 (2.6s)
✔ [3723/4729] Built equational_theories.Generated.All4x4Tables.Refutation782 (2.7s)
✔ [3724/4729] Built equational_theories.Generated.All4x4Tables.Refutation783 (2.8s)
✔ [3725/4729] Built equational_theories.Generated.All4x4Tables.Refutation781 (2.9s)
✔ [3726/4729] Built equational_theories.Generated.All4x4Tables.Refutation778 (2.5s)
✔ [3727/4729] Built equational_theories.Generated.All4x4Tables.Refutation779 (2.6s)
✔ [3728/4729] Built equational_theories.Generated.All4x4Tables.Refutation777 (2.6s)
✔ [3729/4729] Built equational_theories.Generated.All4x4Tables.Refutation776 (2.7s)
✔ [3730/4729] Built equational_theories.Generated.All4x4Tables.Refutation775 (2.7s)
✔ [3731/4729] Built equational_theories.Generated.All4x4Tables.Refutation774 (2.7s)
✔ [3732/4729] Built equational_theories.Generated.All4x4Tables.Refutation773 (2.9s)
✔ [3733/4729] Built equational_theories.Generated.All4x4Tables.Refutation771 (2.5s)
✔ [3734/4729] Built equational_theories.Generated.All4x4Tables.Refutation770 (2.5s)
✔ [3735/4729] Built equational_theories.Generated.All4x4Tables.Refutation772 (2.7s)
✔ [3736/4729] Built equational_theories.Generated.All4x4Tables.Refutation768 (2.8s)
✔ [3737/4729] Built equational_theories.Generated.All4x4Tables.Refutation769 (2.8s)
✔ [3738/4729] Built equational_theories.Generated.All4x4Tables.Refutation765 (2.8s)
✔ [3739/4729] Built equational_theories.Generated.All4x4Tables.Refutation766 (2.8s)
✔ [3740/4729] Built equational_theories.Generated.All4x4Tables.Refutation764 (2.7s)
✔ [3741/4729] Built equational_theories.Generated.All4x4Tables.Refutation767 (2.0s)
✔ [3742/4729] Built equational_theories.Generated.All4x4Tables.Refutation761 (2.6s)
✔ [3743/4729] Built equational_theories.Generated.All4x4Tables.Refutation762 (2.7s)
✔ [3744/4729] Built equational_theories.Generated.All4x4Tables.Refutation763 (2.7s)
✔ [3745/4729] Built equational_theories.Generated.All4x4Tables.Refutation760 (2.9s)
✔ [3746/4729] Built equational_theories.Generated.All4x4Tables.Refutation759 (2.6s)
✔ [3747/4729] Built equational_theories.Generated.All4x4Tables.Refutation758 (2.7s)
✔ [3748/4729] Built equational_theories.Generated.All4x4Tables.Refutation755 (2.7s)
✔ [3749/4729] Built equational_theories.Generated.All4x4Tables.Refutation757 (2.9s)
✔ [3750/4729] Built equational_theories.Generated.All4x4Tables.Refutation754 (2.8s)
✔ [3751/4729] Built equational_theories.Generated.All4x4Tables.Refutation756 (2.9s)
✔ [3752/4729] Built equational_theories.Generated.All4x4Tables.Refutation753 (2.6s)
✔ [3753/4729] Built equational_theories.Generated.All4x4Tables.Refutation752 (2.7s)
✔ [3754/4729] Built equational_theories.Generated.All4x4Tables.Refutation751 (2.6s)
✔ [3755/4729] Built equational_theories.Generated.All4x4Tables.Refutation750 (2.7s)
✔ [3756/4729] Built equational_theories.Generated.All4x4Tables.Refutation749 (2.8s)
✔ [3757/4729] Built equational_theories.Generated.All4x4Tables.Refutation748 (2.7s)
✔ [3758/4729] Built equational_theories.Generated.All4x4Tables.Refutation745 (2.6s)
✔ [3759/4729] Built equational_theories.Generated.All4x4Tables.Refutation747 (2.7s)
✔ [3760/4729] Built equational_theories.Generated.All4x4Tables.Refutation746 (2.8s)
✔ [3761/4729] Built equational_theories.Generated.All4x4Tables.Refutation744 (2.6s)
✔ [3762/4729] Built equational_theories.Generated.All4x4Tables.Refutation742 (2.7s)
✔ [3763/4729] Built equational_theories.Generated.All4x4Tables.Refutation743 (2.8s)
✔ [3764/4729] Built equational_theories.Generated.All4x4Tables.Refutation741 (2.7s)
✔ [3765/4729] Built equational_theories.Generated.All4x4Tables.Refutation739 (2.7s)
✔ [3766/4729] Built equational_theories.Generated.All4x4Tables.Refutation740 (2.7s)
✔ [3767/4729] Built equational_theories.Generated.All4x4Tables.Refutation738 (2.8s)
✔ [3768/4729] Built equational_theories.Generated.All4x4Tables.Refutation737 (2.6s)
✔ [3769/4729] Built equational_theories.Generated.All4x4Tables.Refutation736 (2.6s)
✔ [3770/4729] Built equational_theories.Generated.All4x4Tables.Refutation735 (2.6s)
✔ [3771/4729] Built equational_theories.Generated.All4x4Tables.Refutation734 (2.7s)
✔ [3772/4729] Built equational_theories.Generated.All4x4Tables.Refutation732 (2.7s)
✔ [3773/4729] Built equational_theories.Generated.All4x4Tables.Refutation733 (2.8s)
✔ [3774/4729] Built equational_theories.Generated.All4x4Tables.Refutation731 (2.7s)
✔ [3775/4729] Built equational_theories.Generated.All4x4Tables.Refutation730 (2.7s)
✔ [3776/4729] Built equational_theories.Generated.All4x4Tables.Refutation729 (2.8s)
✔ [3777/4729] Built equational_theories.Generated.All4x4Tables.Refutation728 (2.7s)
✔ [3778/4729] Built equational_theories.Generated.All4x4Tables.Refutation727 (2.6s)
✔ [3779/4729] Built equational_theories.Generated.All4x4Tables.Refutation726 (2.8s)
✔ [3780/4729] Built equational_theories.Generated.All4x4Tables.Refutation725 (2.7s)
✔ [3781/4729] Built equational_theories.Generated.All4x4Tables.Refutation724 (2.7s)
✔ [3782/4729] Built equational_theories.Generated.All4x4Tables.Refutation723 (2.8s)
✔ [3783/4729] Built equational_theories.Generated.All4x4Tables.Refutation720 (2.7s)
✔ [3784/4729] Built equational_theories.Generated.All4x4Tables.Refutation721 (2.7s)
✔ [3785/4729] Built equational_theories.Generated.All4x4Tables.Refutation722 (2.8s)
✔ [3786/4729] Built equational_theories.Generated.All4x4Tables.Refutation719 (2.7s)
✔ [3787/4729] Built equational_theories.Generated.All4x4Tables.Refutation718 (2.7s)
✔ [3788/4729] Built equational_theories.Generated.All4x4Tables.Refutation717 (2.7s)
✔ [3789/4729] Built equational_theories.Generated.All4x4Tables.Refutation715 (2.7s)
✔ [3790/4729] Built equational_theories.Generated.All4x4Tables.Refutation716 (2.8s)
✔ [3791/4729] Built equational_theories.Generated.All4x4Tables.Refutation714 (2.8s)
✔ [3792/4729] Built equational_theories.Generated.All4x4Tables.Refutation713 (2.7s)
✔ [3793/4729] Built equational_theories.Generated.All4x4Tables.Refutation712 (2.8s)
✔ [3794/4729] Built equational_theories.Generated.All4x4Tables.Refutation711 (2.8s)
✔ [3795/4729] Built equational_theories.Generated.All4x4Tables.Refutation710 (2.8s)
✔ [3796/4729] Built equational_theories.Generated.All4x4Tables.Refutation707 (2.5s)
✔ [3797/4729] Built equational_theories.Generated.All4x4Tables.Refutation709 (2.8s)
✔ [3798/4729] Built equational_theories.Generated.All4x4Tables.Refutation708 (2.8s)
✔ [3799/4729] Built equational_theories.Generated.All4x4Tables.Refutation705 (2.6s)
✔ [3800/4729] Built equational_theories.Generated.All4x4Tables.Refutation704 (2.6s)
✔ [3801/4729] Built equational_theories.Generated.All4x4Tables.Refutation706 (2.8s)
✔ [3802/4729] Built equational_theories.Generated.All4x4Tables.Refutation702 (2.6s)
✔ [3803/4729] Built equational_theories.Generated.All4x4Tables.Refutation703 (2.7s)
✔ [3804/4729] Built equational_theories.Generated.All4x4Tables.Refutation700 (2.5s)
✔ [3805/4729] Built equational_theories.Generated.All4x4Tables.Refutation699 (2.7s)
✔ [3806/4729] Built equational_theories.Generated.All4x4Tables.Refutation701 (2.7s)
✔ [3807/4729] Built equational_theories.Generated.All4x4Tables.Refutation698 (2.7s)
✔ [3808/4729] Built equational_theories.Generated.All4x4Tables.Refutation697 (2.7s)
✔ [3809/4729] Built equational_theories.Generated.All4x4Tables.Refutation696 (2.5s)
✔ [3810/4729] Built equational_theories.Generated.All4x4Tables.Refutation695 (2.6s)
✔ [3811/4729] Built equational_theories.Generated.All4x4Tables.Refutation694 (2.6s)
✔ [3812/4729] Built equational_theories.Generated.All4x4Tables.Refutation692 (2.7s)
✔ [3813/4729] Built equational_theories.Generated.All4x4Tables.Refutation691 (2.7s)
✔ [3814/4729] Built equational_theories.Generated.All4x4Tables.Refutation693 (2.8s)
✔ [3815/4729] Built equational_theories.Generated.All4x4Tables.Refutation689 (2.6s)
✔ [3816/4729] Built equational_theories.Generated.All4x4Tables.Refutation690 (2.8s)
✔ [3817/4729] Built equational_theories.Generated.All4x4Tables.Refutation688 (2.6s)
✔ [3818/4729] Built equational_theories.Generated.All4x4Tables.Refutation686 (2.6s)
✔ [3819/4729] Built equational_theories.Generated.All4x4Tables.Refutation687 (2.6s)
✔ [3820/4729] Built equational_theories.Generated.All4x4Tables.Refutation685 (2.7s)
✔ [3821/4729] Built equational_theories.Generated.All4x4Tables.Refutation683 (2.7s)
✔ [3822/4729] Built equational_theories.Generated.All4x4Tables.Refutation681 (2.5s)
✔ [3823/4729] Built equational_theories.Generated.All4x4Tables.Refutation684 (2.8s)
✔ [3824/4729] Built equational_theories.Generated.All4x4Tables.Refutation682 (2.9s)
✔ [3825/4729] Built equational_theories.Generated.All4x4Tables.Refutation680 (2.7s)
✔ [3826/4729] Built equational_theories.Generated.All4x4Tables.Refutation679 (2.7s)
✔ [3827/4729] Built equational_theories.Generated.All4x4Tables.Refutation678 (2.6s)
✔ [3828/4729] Built equational_theories.Generated.All4x4Tables.Refutation677 (2.6s)
✔ [3829/4729] Built equational_theories.Generated.All4x4Tables.Refutation676 (2.6s)
✔ [3830/4729] Built equational_theories.Generated.All4x4Tables.Refutation674 (2.7s)
✔ [3831/4729] Built equational_theories.Generated.All4x4Tables.Refutation672 (2.7s)
✔ [3832/4729] Built equational_theories.Generated.All4x4Tables.Refutation675 (2.9s)
✔ [3833/4729] Built equational_theories.Generated.All4x4Tables.Refutation673 (2.8s)
✔ [3834/4729] Built equational_theories.Generated.All4x4Tables.Refutation670 (2.7s)
✔ [3835/4729] Built equational_theories.Generated.All4x4Tables.Refutation671 (2.7s)
✔ [3836/4729] Built equational_theories.Generated.All4x4Tables.Refutation669 (2.7s)
✔ [3837/4729] Built equational_theories.Generated.All4x4Tables.Refutation668 (2.7s)
✔ [3838/4729] Built equational_theories.Generated.All4x4Tables.Refutation666 (2.7s)
✔ [3839/4729] Built equational_theories.Generated.All4x4Tables.Refutation667 (2.8s)
✔ [3840/4729] Built equational_theories.Generated.All4x4Tables.Refutation665 (2.6s)
✔ [3841/4729] Built equational_theories.Generated.All4x4Tables.Refutation664 (2.8s)
✔ [3842/4729] Built equational_theories.Generated.All4x4Tables.Refutation663 (2.6s)
✔ [3843/4729] Built equational_theories.Generated.All4x4Tables.Refutation662 (2.8s)
✔ [3844/4729] Built equational_theories.Generated.All4x4Tables.Refutation661 (2.6s)
✔ [3845/4729] Built equational_theories.Generated.All4x4Tables.Refutation660 (2.7s)
✔ [3846/4729] Built equational_theories.Generated.All4x4Tables.Refutation659 (2.6s)
✔ [3847/4729] Built equational_theories.Generated.All4x4Tables.Refutation658 (2.6s)
✔ [3848/4729] Built equational_theories.Generated.All4x4Tables.Refutation657 (2.7s)
✔ [3849/4729] Built equational_theories.Generated.All4x4Tables.Refutation655 (2.6s)
✔ [3850/4729] Built equational_theories.Generated.All4x4Tables.Refutation656 (2.8s)
✔ [3851/4729] Built equational_theories.Generated.All4x4Tables.Refutation654 (2.6s)
✔ [3852/4729] Built equational_theories.Generated.All4x4Tables.Refutation653 (2.6s)
✔ [3853/4729] Built equational_theories.Generated.All4x4Tables.Refutation652 (2.6s)
✔ [3854/4729] Built equational_theories.Generated.All4x4Tables.Refutation651 (2.6s)
✔ [3855/4729] Built equational_theories.Generated.All4x4Tables.Refutation650 (2.7s)
✔ [3856/4729] Built equational_theories.Generated.All4x4Tables.Refutation649 (2.7s)
✔ [3857/4729] Built equational_theories.Generated.All4x4Tables.Refutation647 (2.6s)
✔ [3858/4729] Built equational_theories.Generated.All4x4Tables.Refutation648 (2.8s)
✔ [3859/4729] Built equational_theories.Generated.All4x4Tables.Refutation646 (2.5s)
✔ [3860/4729] Built equational_theories.Generated.All4x4Tables.Refutation645 (2.6s)
✔ [3861/4729] Built equational_theories.Generated.All4x4Tables.Refutation644 (2.7s)
✔ [3862/4729] Built equational_theories.Generated.All4x4Tables.Refutation643 (2.6s)
✔ [3863/4729] Built equational_theories.Generated.All4x4Tables.Refutation642 (2.7s)
✔ [3864/4729] Built equational_theories.Generated.All4x4Tables.Refutation639 (2.6s)
✔ [3865/4729] Built equational_theories.Generated.All4x4Tables.Refutation640 (2.7s)
✔ [3866/4729] Built equational_theories.Generated.All4x4Tables.Refutation641 (2.7s)
✔ [3867/4729] Built equational_theories.Generated.All4x4Tables.Refutation638 (2.7s)
✔ [3868/4729] Built equational_theories.Generated.All4x4Tables.Refutation637 (2.7s)
✔ [3869/4729] Built equational_theories.Generated.All4x4Tables.Refutation636 (2.6s)
✔ [3870/4729] Built equational_theories.Generated.All4x4Tables.Refutation634 (2.5s)
✔ [3871/4729] Built equational_theories.Generated.All4x4Tables.Refutation635 (2.5s)
✔ [3872/4729] Built equational_theories.Generated.All4x4Tables.Refutation633 (2.5s)
✔ [3873/4729] Built equational_theories.Generated.All4x4Tables.Refutation631 (2.7s)
✔ [3874/4729] Built equational_theories.Generated.All4x4Tables.Refutation632 (2.6s)
✔ [3875/4729] Built equational_theories.Generated.All4x4Tables.Refutation630 (2.6s)
✔ [3876/4729] Built equational_theories.Generated.All4x4Tables.Refutation629 (2.6s)
✔ [3877/4729] Built equational_theories.Generated.All4x4Tables.Refutation628 (2.7s)
✔ [3878/4729] Built equational_theories.Generated.All4x4Tables.Refutation627 (2.7s)
✔ [3879/4729] Built equational_theories.Generated.All4x4Tables.Refutation626 (2.6s)
✔ [3880/4729] Built equational_theories.Generated.All4x4Tables.Refutation623 (2.6s)
✔ [3881/4729] Built equational_theories.Generated.All4x4Tables.Refutation624 (2.7s)
✔ [3882/4729] Built equational_theories.Generated.All4x4Tables.Refutation625 (2.7s)
✔ [3883/4729] Built equational_theories.Generated.All4x4Tables.Refutation621 (2.6s)
✔ [3884/4729] Built equational_theories.Generated.All4x4Tables.Refutation622 (2.8s)
✔ [3885/4729] Built equational_theories.Generated.All4x4Tables.Refutation618 (2.6s)
✔ [3886/4729] Built equational_theories.Generated.All4x4Tables.Refutation620 (2.7s)
✔ [3887/4729] Built equational_theories.Generated.All4x4Tables.Refutation617 (2.5s)
✔ [3888/4729] Built equational_theories.Generated.All4x4Tables.Refutation619 (2.7s)
✔ [3889/4729] Built equational_theories.Generated.All4x4Tables.Refutation616 (2.6s)
✔ [3890/4729] Built equational_theories.Generated.All4x4Tables.Refutation615 (2.7s)
✔ [3891/4729] Built equational_theories.Generated.All4x4Tables.Refutation614 (2.6s)
✔ [3892/4729] Built equational_theories.Generated.All4x4Tables.Refutation613 (2.6s)
✔ [3893/4729] Built equational_theories.Generated.All4x4Tables.Refutation611 (2.5s)
✔ [3894/4729] Built equational_theories.Generated.All4x4Tables.Refutation612 (2.7s)
✔ [3895/4729] Built equational_theories.Generated.All4x4Tables.Refutation610 (2.7s)
✔ [3896/4729] Built equational_theories.Generated.All4x4Tables.Refutation607 (2.6s)
✔ [3897/4729] Built equational_theories.Generated.All4x4Tables.Refutation609 (2.8s)
✔ [3898/4729] Built equational_theories.Generated.All4x4Tables.Refutation608 (2.7s)
✔ [3899/4729] Built equational_theories.Generated.All4x4Tables.Refutation605 (2.6s)
✔ [3900/4729] Built equational_theories.Generated.All4x4Tables.Refutation606 (2.6s)
✔ [3901/4729] Built equational_theories.Generated.All4x4Tables.Refutation604 (2.6s)
✔ [3902/4729] Built equational_theories.Generated.All4x4Tables.Refutation601 (2.6s)
✔ [3903/4729] Built equational_theories.Generated.All4x4Tables.Refutation602 (2.7s)
✔ [3904/4729] Built equational_theories.Generated.All4x4Tables.Refutation603 (2.8s)
✔ [3905/4729] Built equational_theories.Generated.All4x4Tables.Refutation600 (2.5s)
✔ [3906/4729] Built equational_theories.Generated.All4x4Tables.Refutation598 (2.5s)
✔ [3907/4729] Built equational_theories.Generated.All4x4Tables.Refutation599 (2.7s)
✔ [3908/4729] Built equational_theories.Generated.All4x4Tables.Refutation597 (2.6s)
✔ [3909/4729] Built equational_theories.Generated.All4x4Tables.Refutation596 (2.6s)
✔ [3910/4729] Built equational_theories.Generated.All4x4Tables.Refutation595 (2.7s)
✔ [3911/4729] Built equational_theories.Generated.All4x4Tables.Refutation594 (2.6s)
✔ [3912/4729] Built equational_theories.Generated.All4x4Tables.Refutation593 (2.6s)
✔ [3913/4729] Built equational_theories.Generated.All4x4Tables.Refutation592 (2.6s)
✔ [3914/4729] Built equational_theories.Generated.All4x4Tables.Refutation591 (2.7s)
✔ [3915/4729] Built equational_theories.Generated.All4x4Tables.Refutation589 (2.7s)
✔ [3916/4729] Built equational_theories.Generated.All4x4Tables.Refutation590 (2.7s)
✔ [3917/4729] Built equational_theories.Generated.All4x4Tables.Refutation588 (2.6s)
✔ [3918/4729] Built equational_theories.Generated.All4x4Tables.Refutation585 (2.7s)
✔ [3919/4729] Built equational_theories.Generated.All4x4Tables.Refutation586 (2.7s)
✔ [3920/4729] Built equational_theories.Generated.All4x4Tables.Refutation587 (2.9s)
✔ [3921/4729] Built equational_theories.Generated.All4x4Tables.Refutation584 (2.6s)
✔ [3922/4729] Built equational_theories.Generated.All4x4Tables.Refutation582 (2.6s)
✔ [3923/4729] Built equational_theories.Generated.All4x4Tables.Refutation583 (2.6s)
✔ [3924/4729] Built equational_theories.Generated.All4x4Tables.Refutation581 (2.6s)
✔ [3925/4729] Built equational_theories.Generated.All4x4Tables.Refutation580 (2.7s)
✔ [3926/4729] Built equational_theories.Generated.All4x4Tables.Refutation579 (2.6s)
✔ [3927/4729] Built equational_theories.Generated.All4x4Tables.Refutation578 (2.6s)
✔ [3928/4729] Built equational_theories.Generated.All4x4Tables.Refutation575 (2.6s)
✔ [3929/4729] Built equational_theories.Generated.All4x4Tables.Refutation577 (2.7s)
✔ [3930/4729] Built equational_theories.Generated.All4x4Tables.Refutation576 (2.7s)
✔ [3931/4729] Built equational_theories.Generated.All4x4Tables.Refutation574 (2.7s)
✔ [3932/4729] Built equational_theories.Generated.All4x4Tables.Refutation573 (2.7s)
✔ [3933/4729] Built equational_theories.Generated.All4x4Tables.Refutation572 (2.7s)
✔ [3934/4729] Built equational_theories.Generated.All4x4Tables.Refutation571 (2.6s)
✔ [3935/4729] Built equational_theories.Generated.All4x4Tables.Refutation569 (2.6s)
✔ [3936/4729] Built equational_theories.Generated.All4x4Tables.Refutation570 (2.7s)
✔ [3937/4729] Built equational_theories.Generated.All4x4Tables.Refutation568 (2.5s)
✔ [3938/4729] Built equational_theories.Generated.All4x4Tables.Refutation567 (2.6s)
✔ [3939/4729] Built equational_theories.Generated.All4x4Tables.Refutation566 (2.7s)
✔ [3940/4729] Built equational_theories.Generated.All4x4Tables.Refutation565 (2.5s)
✔ [3941/4729] Built equational_theories.Generated.All4x4Tables.Refutation564 (2.6s)
✔ [3942/4729] Built equational_theories.Generated.All4x4Tables.Refutation563 (2.6s)
✔ [3943/4729] Built equational_theories.Generated.All4x4Tables.Refutation562 (2.6s)
✔ [3944/4729] Built equational_theories.Generated.All4x4Tables.Refutation560 (2.6s)
✔ [3945/4729] Built equational_theories.Generated.All4x4Tables.Refutation558 (2.6s)
✔ [3946/4729] Built equational_theories.Generated.All4x4Tables.Refutation559 (2.6s)
✔ [3947/4729] Built equational_theories.Generated.All4x4Tables.Refutation561 (2.8s)
✔ [3948/4729] Built equational_theories.Generated.All4x4Tables.Refutation557 (2.7s)
✔ [3949/4729] Built equational_theories.Generated.All4x4Tables.Refutation555 (2.6s)
✔ [3950/4729] Built equational_theories.Generated.All4x4Tables.Refutation556 (2.7s)
✔ [3951/4729] Built equational_theories.Generated.All4x4Tables.Refutation553 (2.6s)
✔ [3952/4729] Built equational_theories.Generated.All4x4Tables.Refutation554 (2.7s)
✔ [3953/4729] Built equational_theories.Generated.All4x4Tables.Refutation552 (2.8s)
✔ [3954/4729] Built equational_theories.Generated.All4x4Tables.Refutation550 (2.7s)
✔ [3955/4729] Built equational_theories.Generated.All4x4Tables.Refutation551 (2.9s)
✔ [3956/4729] Built equational_theories.Generated.All4x4Tables.Refutation549 (2.5s)
✔ [3957/4729] Built equational_theories.Generated.All4x4Tables.Refutation547 (2.6s)
✔ [3958/4729] Built equational_theories.Generated.All4x4Tables.Refutation548 (2.7s)
✔ [3959/4729] Built equational_theories.Generated.All4x4Tables.Refutation546 (2.5s)
✔ [3960/4729] Built equational_theories.Generated.All4x4Tables.Refutation545 (2.6s)
✔ [3961/4729] Built equational_theories.Generated.All4x4Tables.Refutation544 (2.6s)
✔ [3962/4729] Built equational_theories.Generated.All4x4Tables.Refutation543 (2.6s)
✔ [3963/4729] Built equational_theories.Generated.All4x4Tables.Refutation542 (2.6s)
✔ [3964/4729] Built equational_theories.Generated.All4x4Tables.Refutation541 (2.6s)
✔ [3965/4729] Built equational_theories.Generated.All4x4Tables.Refutation539 (2.6s)
✔ [3966/4729] Built equational_theories.Generated.All4x4Tables.Refutation538 (2.7s)
✔ [3967/4729] Built equational_theories.Generated.All4x4Tables.Refutation536 (2.6s)
✔ [3968/4729] Built equational_theories.Generated.All4x4Tables.Refutation540 (3.1s)
✔ [3969/4729] Built equational_theories.Generated.All4x4Tables.Refutation537 (2.0s)
✔ [3970/4729] Built equational_theories.Generated.All4x4Tables.Refutation534 (2.7s)
✔ [3971/4729] Built equational_theories.Generated.All4x4Tables.Refutation533 (2.6s)
✔ [3972/4729] Built equational_theories.Generated.All4x4Tables.Refutation535 (2.8s)
✔ [3973/4729] Built equational_theories.Generated.All4x4Tables.Refutation532 (2.5s)
✔ [3974/4729] Built equational_theories.Generated.All4x4Tables.Refutation531 (2.6s)
✔ [3975/4729] Built equational_theories.Generated.All4x4Tables.Refutation530 (2.6s)
✔ [3976/4729] Built equational_theories.Generated.All4x4Tables.Refutation529 (2.6s)
✔ [3977/4729] Built equational_theories.Generated.All4x4Tables.Refutation528 (2.6s)
✔ [3978/4729] Built equational_theories.Generated.All4x4Tables.Refutation527 (2.6s)
✔ [3979/4729] Built equational_theories.Generated.All4x4Tables.Refutation526 (2.6s)
✔ [3980/4729] Built equational_theories.Generated.All4x4Tables.Refutation524 (2.6s)
✔ [3981/4729] Built equational_theories.Generated.All4x4Tables.Refutation525 (2.8s)
✔ [3982/4729] Built equational_theories.Generated.All4x4Tables.Refutation523 (2.6s)
✔ [3983/4729] Built equational_theories.Generated.All4x4Tables.Refutation521 (2.6s)
✔ [3984/4729] Built equational_theories.Generated.All4x4Tables.Refutation522 (2.6s)
✔ [3985/4729] Built equational_theories.Generated.All4x4Tables.Refutation520 (2.6s)
✔ [3986/4729] Built equational_theories.Generated.All4x4Tables.Refutation519 (2.7s)
✔ [3987/4729] Built equational_theories.Generated.All4x4Tables.Refutation517 (2.7s)
✔ [3988/4729] Built equational_theories.Generated.All4x4Tables.Refutation518 (2.9s)
✔ [3989/4729] Built equational_theories.Generated.All4x4Tables.Refutation514 (2.6s)
✔ [3990/4729] Built equational_theories.Generated.All4x4Tables.Refutation516 (2.0s)
✔ [3991/4729] Built equational_theories.Generated.All4x4Tables.Refutation515 (2.8s)
✔ [3992/4729] Built equational_theories.Generated.All4x4Tables.Refutation512 (2.6s)
✔ [3993/4729] Built equational_theories.Generated.All4x4Tables.Refutation513 (2.7s)
✔ [3994/4729] Built equational_theories.Generated.All4x4Tables.Refutation510 (2.7s)
✔ [3995/4729] Built equational_theories.Generated.All4x4Tables.Refutation511 (2.7s)
✔ [3996/4729] Built equational_theories.Generated.All4x4Tables.Refutation509 (2.6s)
✔ [3997/4729] Built equational_theories.Generated.All4x4Tables.Refutation508 (2.6s)
✔ [3998/4729] Built equational_theories.Generated.All4x4Tables.Refutation506 (2.8s)
✔ [3999/4729] Built equational_theories.Generated.All4x4Tables.Refutation507 (2.9s)
✔ [4000/4729] Built equational_theories.Generated.All4x4Tables.Refutation504 (2.6s)
✔ [4001/4729] Built equational_theories.Generated.All4x4Tables.Refutation505 (2.8s)
✔ [4002/4729] Built equational_theories.Generated.All4x4Tables.Refutation503 (2.6s)
✔ [4003/4729] Built equational_theories.Generated.All4x4Tables.Refutation501 (2.5s)
✔ [4004/4729] Built equational_theories.Generated.All4x4Tables.Refutation502 (2.7s)
✔ [4005/4729] Built equational_theories.Generated.All4x4Tables.Refutation500 (2.6s)
✔ [4006/4729] Built equational_theories.Generated.All4x4Tables.Refutation499 (2.5s)
✔ [4007/4729] Built equational_theories.Generated.All4x4Tables.Refutation498 (2.6s)
✔ [4008/4729] Built equational_theories.Generated.All4x4Tables.Refutation496 (2.6s)
✔ [4009/4729] Built equational_theories.Generated.All4x4Tables.Refutation497 (2.7s)
✔ [4010/4729] Built equational_theories.Generated.All4x4Tables.Refutation494 (2.6s)
✔ [4011/4729] Built equational_theories.Generated.All4x4Tables.Refutation495 (2.6s)
✔ [4012/4729] Built equational_theories.Generated.All4x4Tables.Refutation493 (2.5s)
✔ [4013/4729] Built equational_theories.Generated.All4x4Tables.Refutation492 (2.7s)
✔ [4014/4729] Built equational_theories.Generated.All4x4Tables.Refutation490 (2.5s)
✔ [4015/4729] Built equational_theories.Generated.All4x4Tables.Refutation491 (2.5s)
✔ [4016/4729] Built equational_theories.Generated.All4x4Tables.Refutation488 (2.6s)
✔ [4017/4729] Built equational_theories.Generated.All4x4Tables.Refutation487 (2.7s)
✔ [4018/4729] Built equational_theories.Generated.All4x4Tables.Refutation489 (2.0s)
✔ [4019/4729] Built equational_theories.Generated.All4x4Tables.Refutation486 (2.6s)
✔ [4020/4729] Built equational_theories.Generated.All4x4Tables.Refutation485 (2.7s)
✔ [4021/4729] Built equational_theories.Generated.All4x4Tables.Refutation484 (2.5s)
✔ [4022/4729] Built equational_theories.Generated.All4x4Tables.Refutation483 (2.6s)
✔ [4023/4729] Built equational_theories.Generated.All4x4Tables.Refutation481 (2.6s)
✔ [4024/4729] Built equational_theories.Generated.All4x4Tables.Refutation482 (2.7s)
✔ [4025/4729] Built equational_theories.Generated.All4x4Tables.Refutation480 (2.6s)
✔ [4026/4729] Built equational_theories.Generated.All4x4Tables.Refutation479 (2.6s)
✔ [4027/4729] Built equational_theories.Generated.All4x4Tables.Refutation477 (2.6s)
✔ [4028/4729] Built equational_theories.Generated.All4x4Tables.Refutation478 (2.8s)
✔ [4029/4729] Built equational_theories.Generated.All4x4Tables.Refutation476 (2.7s)
✔ [4030/4729] Built equational_theories.Generated.All4x4Tables.Refutation474 (2.6s)
✔ [4031/4729] Built equational_theories.Generated.All4x4Tables.Refutation475 (2.7s)
✔ [4032/4729] Built equational_theories.Generated.All4x4Tables.Refutation473 (2.7s)
✔ [4033/4729] Built equational_theories.Generated.All4x4Tables.Refutation471 (2.6s)
✔ [4034/4729] Built equational_theories.Generated.All4x4Tables.Refutation472 (2.8s)
✔ [4035/4729] Built equational_theories.Generated.All4x4Tables.Refutation469 (2.6s)
✔ [4036/4729] Built equational_theories.Generated.All4x4Tables.Refutation470 (2.7s)
✔ [4037/4729] Built equational_theories.Generated.All4x4Tables.Refutation468 (2.6s)
✔ [4038/4729] Built equational_theories.Generated.All4x4Tables.Refutation467 (2.6s)
✔ [4039/4729] Built equational_theories.Generated.All4x4Tables.Refutation465 (2.6s)
✔ [4040/4729] Built equational_theories.Generated.All4x4Tables.Refutation466 (2.8s)
✔ [4041/4729] Built equational_theories.Generated.All4x4Tables.Refutation463 (2.6s)
✔ [4042/4729] Built equational_theories.Generated.All4x4Tables.Refutation464 (2.6s)
✔ [4043/4729] Built equational_theories.Generated.All4x4Tables.Refutation462 (2.7s)
✔ [4044/4729] Built equational_theories.Generated.All4x4Tables.Refutation461 (2.7s)
✔ [4045/4729] Built equational_theories.Generated.All4x4Tables.Refutation460 (2.6s)
✔ [4046/4729] Built equational_theories.Generated.All4x4Tables.Refutation458 (2.5s)
✔ [4047/4729] Built equational_theories.Generated.All4x4Tables.Refutation459 (2.7s)
✔ [4048/4729] Built equational_theories.Generated.All4x4Tables.Refutation457 (2.0s)
✔ [4049/4729] Built equational_theories.Generated.All4x4Tables.Refutation456 (2.6s)
✔ [4050/4729] Built equational_theories.Generated.All4x4Tables.Refutation453 (2.6s)
✔ [4051/4729] Built equational_theories.Generated.All4x4Tables.Refutation454 (2.7s)
✔ [4052/4729] Built equational_theories.Generated.All4x4Tables.Refutation455 (2.7s)
✔ [4053/4729] Built equational_theories.Generated.All4x4Tables.Refutation452 (2.6s)
✔ [4054/4729] Built equational_theories.Generated.All4x4Tables.Refutation451 (2.6s)
✔ [4055/4729] Built equational_theories.Generated.All4x4Tables.Refutation450 (2.7s)
✔ [4056/4729] Built equational_theories.Generated.All4x4Tables.Refutation448 (2.5s)
✔ [4057/4729] Built equational_theories.Generated.All4x4Tables.Refutation449 (2.6s)
✔ [4058/4729] Built equational_theories.Generated.All4x4Tables.Refutation447 (2.6s)
✔ [4059/4729] Built equational_theories.Generated.All4x4Tables.Refutation446 (2.7s)
✔ [4060/4729] Built equational_theories.Generated.All4x4Tables.Refutation445 (2.7s)
✔ [4061/4729] Built equational_theories.Generated.All4x4Tables.Refutation444 (2.6s)
✔ [4062/4729] Built equational_theories.Generated.All4x4Tables.Refutation443 (2.6s)
✔ [4063/4729] Built equational_theories.Generated.All4x4Tables.Refutation442 (2.7s)
✔ [4064/4729] Built equational_theories.Generated.All4x4Tables.Refutation441 (2.6s)
✔ [4065/4729] Built equational_theories.Generated.All4x4Tables.Refutation440 (2.6s)
✔ [4066/4729] Built equational_theories.Generated.All4x4Tables.Refutation438 (2.6s)
✔ [4067/4729] Built equational_theories.Generated.All4x4Tables.Refutation437 (2.7s)
✔ [4068/4729] Built equational_theories.Generated.All4x4Tables.Refutation439 (2.7s)
✔ [4069/4729] Built equational_theories.Generated.All4x4Tables.Refutation436 (2.7s)
✔ [4070/4729] Built equational_theories.Generated.All4x4Tables.Refutation435 (2.5s)
✔ [4071/4729] Built equational_theories.Generated.All4x4Tables.Refutation432 (2.6s)
✔ [4072/4729] Built equational_theories.Generated.All4x4Tables.Refutation433 (2.6s)
✔ [4073/4729] Built equational_theories.Generated.All4x4Tables.Refutation434 (2.7s)
✔ [4074/4729] Built equational_theories.Generated.All4x4Tables.Refutation431 (2.6s)
✔ [4075/4729] Built equational_theories.Generated.All4x4Tables.Refutation430 (2.6s)
✔ [4076/4729] Built equational_theories.Generated.All4x4Tables.Refutation427 (2.6s)
✔ [4077/4729] Built equational_theories.Generated.All4x4Tables.Refutation429 (2.7s)
✔ [4078/4729] Built equational_theories.Generated.All4x4Tables.Refutation428 (2.6s)
✔ [4079/4729] Built equational_theories.Generated.All4x4Tables.Refutation426 (2.5s)
✔ [4080/4729] Built equational_theories.Generated.All4x4Tables.Refutation424 (2.6s)
✔ [4081/4729] Built equational_theories.Generated.All4x4Tables.Refutation423 (2.6s)
✔ [4082/4729] Built equational_theories.Generated.All4x4Tables.Refutation422 (2.6s)
✔ [4083/4729] Built equational_theories.Generated.All4x4Tables.Refutation420 (2.6s)
✔ [4084/4729] Built equational_theories.Generated.All4x4Tables.Refutation421 (2.8s)
✔ [4085/4729] Built equational_theories.Generated.All4x4Tables.Refutation419 (2.8s)
✔ [4086/4729] Built equational_theories.Generated.All4x4Tables.Refutation418 (2.9s)
✔ [4087/4729] Built equational_theories.Generated.All4x4Tables.Refutation415 (2.5s)
✔ [4088/4729] Built equational_theories.Generated.All4x4Tables.Refutation416 (2.6s)
✔ [4089/4729] Built equational_theories.Generated.All4x4Tables.Refutation414 (2.7s)
✔ [4090/4729] Built equational_theories.Generated.All4x4Tables.Refutation417 (2.8s)
✔ [4091/4729] Built equational_theories.Generated.All4x4Tables.Refutation413 (2.7s)
✔ [4092/4729] Built equational_theories.Generated.All4x4Tables.Refutation411 (2.5s)
✔ [4093/4729] Built equational_theories.Generated.All4x4Tables.Refutation412 (2.7s)
✔ [4094/4729] Built equational_theories.Generated.All4x4Tables.Refutation410 (2.8s)
✔ [4095/4729] Built equational_theories.Generated.All4x4Tables.Refutation425 (2.8s)
✔ [4096/4729] Built equational_theories.Generated.All4x4Tables.Refutation407 (2.6s)
✔ [4097/4729] Built equational_theories.Generated.All4x4Tables.Refutation408 (2.7s)
✔ [4098/4729] Built equational_theories.Generated.All4x4Tables.Refutation406 (2.6s)
✔ [4099/4729] Built equational_theories.Generated.All4x4Tables.Refutation404 (2.6s)
✔ [4100/4729] Built equational_theories.Generated.All4x4Tables.Refutation405 (2.7s)
✔ [4101/4729] Built equational_theories.Generated.All4x4Tables.Refutation403 (2.8s)
✔ [4102/4729] Built equational_theories.Generated.All4x4Tables.Refutation402 (2.7s)
✔ [4103/4729] Built equational_theories.Generated.All4x4Tables.Refutation400 (2.6s)
✔ [4104/4729] Built equational_theories.Generated.All4x4Tables.Refutation401 (2.8s)
✔ [4105/4729] Built equational_theories.Generated.All4x4Tables.Refutation399 (2.6s)
✔ [4106/4729] Built equational_theories.Generated.All4x4Tables.Refutation398 (2.7s)
✔ [4107/4729] Built equational_theories.Generated.All4x4Tables.Refutation397 (2.6s)
✔ [4108/4729] Built equational_theories.Generated.All4x4Tables.Refutation395 (2.6s)
✔ [4109/4729] Built equational_theories.Generated.All4x4Tables.Refutation396 (2.6s)
✔ [4110/4729] Built equational_theories.Generated.All4x4Tables.Refutation394 (2.6s)
✔ [4111/4729] Built equational_theories.Generated.All4x4Tables.Refutation393 (2.7s)
✔ [4112/4729] Built equational_theories.Generated.All4x4Tables.Refutation391 (2.6s)
✔ [4113/4729] Built equational_theories.Generated.All4x4Tables.Refutation392 (2.7s)
✔ [4114/4729] Built equational_theories.Generated.All4x4Tables.Refutation390 (2.7s)
✔ [4115/4729] Built equational_theories.Generated.All4x4Tables.Refutation388 (2.6s)
✔ [4116/4729] Built equational_theories.Generated.All4x4Tables.Refutation387 (2.6s)
✔ [4117/4729] Built equational_theories.Generated.All4x4Tables.Refutation389 (3.0s)
✔ [4118/4729] Built equational_theories.Generated.All4x4Tables.Refutation386 (2.7s)
✔ [4119/4729] Built equational_theories.Generated.All4x4Tables.Refutation383 (2.6s)
✔ [4120/4729] Built equational_theories.Generated.All4x4Tables.Refutation384 (2.6s)
✔ [4121/4729] Built equational_theories.Generated.All4x4Tables.Refutation385 (2.9s)
✔ [4122/4729] Built equational_theories.Generated.All4x4Tables.Refutation380 (2.6s)
✔ [4123/4729] Built equational_theories.Generated.All4x4Tables.Refutation381 (2.6s)
✔ [4124/4729] Built equational_theories.Generated.All4x4Tables.Refutation382 (2.9s)
✔ [4125/4729] Built equational_theories.Generated.All4x4Tables.Refutation379 (2.7s)
✔ [4126/4729] Built equational_theories.Generated.All4x4Tables.Refutation378 (2.7s)
✔ [4127/4729] Built equational_theories.Generated.All4x4Tables.Refutation376 (2.7s)
✔ [4128/4729] Built equational_theories.Generated.All4x4Tables.Refutation377 (2.0s)
✔ [4129/4729] Built equational_theories.Generated.All4x4Tables.Refutation374 (2.7s)
✔ [4130/4729] Built equational_theories.Generated.All4x4Tables.Refutation375 (2.7s)
✔ [4131/4729] Built equational_theories.Generated.All4x4Tables.Refutation373 (2.6s)
✔ [4132/4729] Built equational_theories.Generated.All4x4Tables.Refutation371 (2.5s)
✔ [4133/4729] Built equational_theories.Generated.All4x4Tables.Refutation372 (2.8s)
✔ [4134/4729] Built equational_theories.Generated.All4x4Tables.Refutation370 (2.6s)
✔ [4135/4729] Built equational_theories.Generated.All4x4Tables.Refutation368 (2.7s)
✔ [4136/4729] Built equational_theories.Generated.All4x4Tables.Refutation369 (2.6s)
✔ [4137/4729] Built equational_theories.Generated.All4x4Tables.Refutation367 (2.7s)
✔ [4138/4729] Built equational_theories.Generated.All4x4Tables.Refutation366 (2.7s)
✔ [4139/4729] Built equational_theories.Generated.All4x4Tables.Refutation364 (2.7s)
✔ [4140/4729] Built equational_theories.Generated.All4x4Tables.Refutation365 (2.7s)
✔ [4141/4729] Built equational_theories.Generated.All4x4Tables.Refutation363 (2.5s)
✔ [4142/4729] Built equational_theories.Generated.All4x4Tables.Refutation362 (2.8s)
✔ [4143/4729] Built equational_theories.Generated.All4x4Tables.Refutation361 (2.6s)
✔ [4144/4729] Built equational_theories.Generated.All4x4Tables.Refutation358 (2.6s)
✔ [4145/4729] Built equational_theories.Generated.All4x4Tables.Refutation359 (2.6s)
✔ [4146/4729] Built equational_theories.Generated.All4x4Tables.Refutation360 (2.6s)
✔ [4147/4729] Built equational_theories.Generated.All4x4Tables.Refutation357 (2.7s)
✔ [4148/4729] Built equational_theories.Generated.All4x4Tables.Refutation356 (2.5s)
✔ [4149/4729] Built equational_theories.Generated.All4x4Tables.Refutation355 (2.6s)
✔ [4150/4729] Built equational_theories.Generated.All4x4Tables.Refutation353 (2.5s)
✔ [4151/4729] Built equational_theories.Generated.All4x4Tables.Refutation352 (2.6s)
✔ [4152/4729] Built equational_theories.Generated.All4x4Tables.Refutation354 (2.8s)
✔ [4153/4729] Built equational_theories.Generated.All4x4Tables.Refutation350 (2.7s)
✔ [4154/4729] Built equational_theories.Generated.All4x4Tables.Refutation351 (2.9s)
✔ [4155/4729] Built equational_theories.Generated.All4x4Tables.Refutation348 (2.7s)
✔ [4156/4729] Built equational_theories.Generated.All4x4Tables.Refutation347 (2.7s)
✔ [4157/4729] Built equational_theories.Generated.All4x4Tables.Refutation349 (2.8s)
✔ [4158/4729] Built equational_theories.Generated.All4x4Tables.Refutation346 (2.6s)
✔ [4159/4729] Built equational_theories.Generated.All4x4Tables.Refutation344 (2.5s)
✔ [4160/4729] Built equational_theories.Generated.All4x4Tables.Refutation345 (2.7s)
✔ [4161/4729] Built equational_theories.Generated.All4x4Tables.Refutation343 (2.7s)
✔ [4162/4729] Built equational_theories.Generated.All4x4Tables.Refutation342 (2.9s)
✔ [4163/4729] Built equational_theories.Generated.All4x4Tables.Refutation341 (2.7s)
✔ [4164/4729] Built equational_theories.Generated.All4x4Tables.Refutation340 (2.7s)
✔ [4165/4729] Built equational_theories.Generated.All4x4Tables.Refutation339 (2.6s)
✔ [4166/4729] Built equational_theories.Generated.All4x4Tables.Refutation336 (2.6s)
✔ [4167/4729] Built equational_theories.Generated.All4x4Tables.Refutation338 (2.6s)
✔ [4168/4729] Built equational_theories.Generated.All4x4Tables.Refutation337 (2.7s)
✔ [4169/4729] Built equational_theories.Generated.All4x4Tables.Refutation334 (2.7s)
✔ [4170/4729] Built equational_theories.Generated.All4x4Tables.Refutation335 (2.7s)
✔ [4171/4729] Built equational_theories.Generated.All4x4Tables.Refutation332 (2.7s)
✔ [4172/4729] Built equational_theories.Generated.All4x4Tables.Refutation333 (2.7s)
✔ [4173/4729] Built equational_theories.Generated.All4x4Tables.Refutation331 (2.8s)
✔ [4174/4729] Built equational_theories.Generated.All4x4Tables.Refutation330 (2.7s)
✔ [4175/4729] Built equational_theories.Generated.All4x4Tables.Refutation328 (2.6s)
✔ [4176/4729] Built equational_theories.Generated.All4x4Tables.Refutation329 (2.6s)
✔ [4177/4729] Built equational_theories.Generated.All4x4Tables.Refutation327 (2.6s)
✔ [4178/4729] Built equational_theories.Generated.All4x4Tables.Refutation326 (2.5s)
✔ [4179/4729] Built equational_theories.Generated.All4x4Tables.Refutation325 (2.6s)
✔ [4180/4729] Built equational_theories.Generated.All4x4Tables.Refutation324 (2.7s)
✔ [4181/4729] Built equational_theories.Generated.All4x4Tables.Refutation323 (2.6s)
✔ [4182/4729] Built equational_theories.Generated.All4x4Tables.Refutation320 (2.5s)
✔ [4183/4729] Built equational_theories.Generated.All4x4Tables.Refutation321 (2.6s)
✔ [4184/4729] Built equational_theories.Generated.All4x4Tables.Refutation322 (2.7s)
✔ [4185/4729] Built equational_theories.Generated.All4x4Tables.Refutation319 (2.6s)
✔ [4186/4729] Built equational_theories.Generated.All4x4Tables.Refutation318 (2.6s)
✔ [4187/4729] Built equational_theories.Generated.All4x4Tables.Refutation315 (2.7s)
✔ [4188/4729] Built equational_theories.Generated.All4x4Tables.Refutation316 (2.9s)
✔ [4189/4729] Built equational_theories.Generated.All4x4Tables.Refutation313 (2.6s)
✔ [4190/4729] Built equational_theories.Generated.All4x4Tables.Refutation314 (2.8s)
✔ [4191/4729] Built equational_theories.Generated.All4x4Tables.Refutation311 (2.6s)
✔ [4192/4729] Built equational_theories.Generated.All4x4Tables.Refutation312 (2.7s)
✔ [4193/4729] Built equational_theories.Generated.All4x4Tables.Refutation310 (2.7s)
✔ [4194/4729] Built equational_theories.Generated.All4x4Tables.Refutation317 (3.9s)
✔ [4195/4729] Built equational_theories.Generated.All4x4Tables.Refutation308 (2.6s)
✔ [4196/4729] Built equational_theories.Generated.All4x4Tables.Refutation307 (2.6s)
✔ [4197/4729] Built equational_theories.Generated.All4x4Tables.Refutation309 (2.9s)
✔ [4198/4729] Built equational_theories.Generated.All4x4Tables.Refutation304 (2.5s)
✔ [4199/4729] Built equational_theories.Generated.All4x4Tables.Refutation305 (2.6s)
✔ [4200/4729] Built equational_theories.Generated.All4x4Tables.Refutation306 (2.7s)
✔ [4201/4729] Built equational_theories.Generated.All4x4Tables.Refutation303 (2.7s)
✔ [4202/4729] Built equational_theories.Generated.All4x4Tables.Refutation302 (2.8s)
✔ [4203/4729] Built equational_theories.Generated.All4x4Tables.Refutation301 (2.7s)
✔ [4204/4729] Built equational_theories.Generated.All4x4Tables.Refutation300 (2.7s)
✔ [4205/4729] Built equational_theories.Generated.All4x4Tables.Refutation299 (2.7s)
✔ [4206/4729] Built equational_theories.Generated.All4x4Tables.Refutation298 (2.9s)
✔ [4207/4729] Built equational_theories.Generated.All4x4Tables.Refutation409 (2.7s)
✔ [4208/4729] Built equational_theories.Generated.All4x4Tables.Refutation297 (2.8s)
✔ [4209/4729] Built equational_theories.Generated.All4x4Tables.Refutation296 (2.7s)
✔ [4210/4729] Built equational_theories.Generated.All4x4Tables.Refutation293 (2.5s)
✔ [4211/4729] Built equational_theories.Generated.All4x4Tables.Refutation294 (2.7s)
✔ [4212/4729] Built equational_theories.Generated.All4x4Tables.Refutation295 (2.5s)
✔ [4213/4729] Built equational_theories.Generated.All4x4Tables.Refutation292 (2.5s)
✔ [4214/4729] Built equational_theories.Generated.All4x4Tables.Refutation290 (2.7s)
✔ [4215/4729] Built equational_theories.Generated.All4x4Tables.Refutation288 (2.7s)
✔ [4216/4729] Built equational_theories.Generated.All4x4Tables.Refutation289 (2.8s)
✔ [4217/4729] Built equational_theories.Generated.All4x4Tables.Refutation286 (2.6s)
✔ [4218/4729] Built equational_theories.Generated.All4x4Tables.Refutation287 (2.9s)
✔ [4219/4729] Built equational_theories.Generated.All4x4Tables.Refutation284 (2.7s)
✔ [4220/4729] Built equational_theories.Generated.All4x4Tables.Refutation283 (2.5s)
✔ [4221/4729] Built equational_theories.Generated.All4x4Tables.Refutation282 (2.6s)
✔ [4222/4729] Built equational_theories.Generated.All4x4Tables.Refutation280 (2.7s)
✔ [4223/4729] Built equational_theories.Generated.All4x4Tables.Refutation281 (2.6s)
✔ [4224/4729] Built equational_theories.Generated.All4x4Tables.Refutation285 (3.4s)
✔ [4225/4729] Built equational_theories.Generated.All4x4Tables.Refutation279 (2.6s)
✔ [4226/4729] Built equational_theories.Generated.All4x4Tables.Refutation278 (2.6s)
✔ [4227/4729] Built equational_theories.Generated.All4x4Tables.Refutation276 (2.7s)
✔ [4228/4729] Built equational_theories.Generated.All4x4Tables.Refutation277 (2.8s)
✔ [4229/4729] Built equational_theories.Generated.All4x4Tables.Refutation275 (2.7s)
✔ [4230/4729] Built equational_theories.Generated.All4x4Tables.Refutation273 (2.6s)
✔ [4231/4729] Built equational_theories.Generated.All4x4Tables.Refutation274 (2.7s)
✔ [4232/4729] Built equational_theories.Generated.All4x4Tables.Refutation272 (3.1s)
✔ [4233/4729] Built equational_theories.Generated.All4x4Tables.Refutation270 (2.6s)
✔ [4234/4729] Built equational_theories.Generated.All4x4Tables.Refutation271 (2.8s)
✔ [4235/4729] Built equational_theories.Generated.All4x4Tables.Refutation269 (2.6s)
✔ [4236/4729] Built equational_theories.Generated.All4x4Tables.Refutation268 (2.6s)
✔ [4237/4729] Built equational_theories.Generated.All4x4Tables.Refutation267 (2.7s)
✔ [4238/4729] Built equational_theories.Generated.All4x4Tables.Refutation266 (2.7s)
✔ [4239/4729] Built equational_theories.Generated.All4x4Tables.Refutation264 (2.7s)
✔ [4240/4729] Built equational_theories.Generated.All4x4Tables.Refutation265 (2.7s)
✔ [4241/4729] Built equational_theories.Generated.All4x4Tables.Refutation263 (2.7s)
✔ [4242/4729] Built equational_theories.Generated.All4x4Tables.Refutation262 (2.7s)
✔ [4243/4729] Built equational_theories.Generated.All4x4Tables.Refutation259 (2.6s)
✔ [4244/4729] Built equational_theories.Generated.All4x4Tables.Refutation261 (2.7s)
✔ [4245/4729] Built equational_theories.Generated.All4x4Tables.Refutation260 (2.7s)
✔ [4246/4729] Built equational_theories.Generated.All4x4Tables.Refutation257 (2.6s)
✔ [4247/4729] Built equational_theories.Generated.All4x4Tables.Refutation258 (2.6s)
✔ [4248/4729] Built equational_theories.Generated.All4x4Tables.Refutation256 (2.6s)
✔ [4249/4729] Built equational_theories.Generated.All4x4Tables.Refutation255 (2.7s)
✔ [4250/4729] Built equational_theories.Generated.All4x4Tables.Refutation253 (2.5s)
✔ [4251/4729] Built equational_theories.Generated.All4x4Tables.Refutation254 (3.1s)
✔ [4252/4729] Built equational_theories.Generated.All4x4Tables.Refutation252 (2.7s)
✔ [4253/4729] Built equational_theories.Generated.All4x4Tables.Refutation251 (2.5s)
✔ [4254/4729] Built equational_theories.Generated.All4x4Tables.Refutation250 (2.7s)
✔ [4255/4729] Built equational_theories.Generated.All4x4Tables.Refutation247 (2.6s)
✔ [4256/4729] Built equational_theories.Generated.All4x4Tables.Refutation249 (2.7s)
✔ [4257/4729] Built equational_theories.Generated.All4x4Tables.Refutation248 (2.8s)
✔ [4258/4729] Built equational_theories.Generated.All4x4Tables.Refutation246 (2.7s)
✔ [4259/4729] Built equational_theories.Generated.All4x4Tables.Refutation245 (2.7s)
✔ [4260/4729] Built equational_theories.Generated.All4x4Tables.Refutation243 (2.7s)
✔ [4261/4729] Built equational_theories.Generated.All4x4Tables.Refutation244 (2.8s)
✔ [4262/4729] Built equational_theories.Generated.All4x4Tables.Refutation242 (2.6s)
✔ [4263/4729] Built equational_theories.Generated.All4x4Tables.Refutation241 (2.6s)
✔ [4264/4729] Built equational_theories.Generated.All4x4Tables.Refutation240 (2.6s)
✔ [4265/4729] Built equational_theories.Generated.All4x4Tables.Refutation239 (2.6s)
✔ [4266/4729] Built equational_theories.Generated.All4x4Tables.Refutation238 (2.6s)
✔ [4267/4729] Built equational_theories.Generated.All4x4Tables.Refutation237 (2.7s)
✔ [4268/4729] Built equational_theories.Generated.All4x4Tables.Refutation236 (2.6s)
✔ [4269/4729] Built equational_theories.Generated.All4x4Tables.Refutation235 (2.6s)
✔ [4270/4729] Built equational_theories.Generated.All4x4Tables.Refutation234 (2.6s)
✔ [4271/4729] Built equational_theories.Generated.All4x4Tables.Refutation232 (2.7s)
✔ [4272/4729] Built equational_theories.Generated.All4x4Tables.Refutation231 (2.7s)
✔ [4273/4729] Built equational_theories.Generated.All4x4Tables.Refutation233 (2.7s)
✔ [4274/4729] Built equational_theories.Generated.All4x4Tables.Refutation230 (2.7s)
✔ [4275/4729] Built equational_theories.Generated.All4x4Tables.Refutation228 (2.7s)
✔ [4276/4729] Built equational_theories.Generated.All4x4Tables.Refutation229 (2.7s)
✔ [4277/4729] Built equational_theories.Generated.All4x4Tables.Refutation227 (2.7s)
✔ [4278/4729] Built equational_theories.Generated.All4x4Tables.Refutation225 (2.7s)
✔ [4279/4729] Built equational_theories.Generated.All4x4Tables.Refutation226 (2.8s)
✔ [4280/4729] Built equational_theories.Generated.All4x4Tables.Refutation224 (2.5s)
✔ [4281/4729] Built equational_theories.Generated.All4x4Tables.Refutation223 (2.5s)
✔ [4282/4729] Built equational_theories.Generated.All4x4Tables.Refutation222 (2.6s)
✔ [4283/4729] Built equational_theories.Generated.All4x4Tables.Refutation220 (2.6s)
✔ [4284/4729] Built equational_theories.Generated.All4x4Tables.Refutation221 (2.7s)
✔ [4285/4729] Built equational_theories.Generated.All4x4Tables.Refutation219 (2.8s)
✔ [4286/4729] Built equational_theories.Generated.All4x4Tables.Refutation218 (2.6s)
✔ [4287/4729] Built equational_theories.Generated.All4x4Tables.Refutation215 (2.6s)
✔ [4288/4729] Built equational_theories.Generated.All4x4Tables.Refutation216 (2.7s)
✔ [4289/4729] Built equational_theories.Generated.All4x4Tables.Refutation214 (2.6s)
✔ [4290/4729] Built equational_theories.Generated.All4x4Tables.Refutation217 (2.8s)
✔ [4291/4729] Built equational_theories.Generated.All4x4Tables.Refutation212 (2.6s)
✔ [4292/4729] Built equational_theories.Generated.All4x4Tables.Refutation213 (2.7s)
✔ [4293/4729] Built equational_theories.Generated.All4x4Tables.Refutation211 (2.7s)
✔ [4294/4729] Built equational_theories.Generated.All4x4Tables.Refutation210 (2.7s)
✔ [4295/4729] Built equational_theories.Generated.All4x4Tables.Refutation208 (2.6s)
✔ [4296/4729] Built equational_theories.Generated.All4x4Tables.Refutation207 (2.5s)
✔ [4297/4729] Built equational_theories.Generated.All4x4Tables.Refutation209 (3.1s)
✔ [4298/4729] Built equational_theories.Generated.All4x4Tables.Refutation206 (2.6s)
✔ [4299/4729] Built equational_theories.Generated.All4x4Tables.Refutation204 (2.6s)
✔ [4300/4729] Built equational_theories.Generated.All4x4Tables.Refutation205 (2.7s)
✔ [4301/4729] Built equational_theories.Generated.All4x4Tables.Refutation202 (2.5s)
✔ [4302/4729] Built equational_theories.Generated.All4x4Tables.Refutation203 (2.7s)
✔ [4303/4729] Built equational_theories.Generated.All4x4Tables.Refutation198 (2.5s)
✔ [4304/4729] Built equational_theories.Generated.All4x4Tables.Refutation201 (2.7s)
✔ [4305/4729] Built equational_theories.Generated.All4x4Tables.Refutation199 (2.7s)
✔ [4306/4729] Built equational_theories.Generated.All4x4Tables.Refutation200 (2.7s)
✔ [4307/4729] Built equational_theories.Generated.All4x4Tables.Refutation196 (2.6s)
✔ [4308/4729] Built equational_theories.Generated.All4x4Tables.Refutation197 (2.6s)
✔ [4309/4729] Built equational_theories.Generated.All4x4Tables.Refutation195 (2.6s)
✔ [4310/4729] Built equational_theories.Generated.All4x4Tables.Refutation194 (2.8s)
✔ [4311/4729] Built equational_theories.Generated.All4x4Tables.Refutation192 (2.6s)
✔ [4312/4729] Built equational_theories.Generated.All4x4Tables.Refutation191 (2.7s)
✔ [4313/4729] Built equational_theories.Generated.All4x4Tables.Refutation190 (2.6s)
✔ [4314/4729] Built equational_theories.Generated.All4x4Tables.Refutation193 (3.0s)
✔ [4315/4729] Built equational_theories.Generated.All4x4Tables.Refutation189 (2.6s)
✔ [4316/4729] Built equational_theories.Generated.All4x4Tables.Refutation188 (2.6s)
✔ [4317/4729] Built equational_theories.Generated.All4x4Tables.Refutation186 (2.6s)
✔ [4318/4729] Built equational_theories.Generated.All4x4Tables.Refutation187 (2.7s)
✔ [4319/4729] Built equational_theories.Generated.All4x4Tables.Refutation183 (2.6s)
✔ [4320/4729] Built equational_theories.Generated.All4x4Tables.Refutation185 (2.7s)
✔ [4321/4729] Built equational_theories.Generated.All4x4Tables.Refutation184 (2.8s)
✔ [4322/4729] Built equational_theories.Generated.All4x4Tables.Refutation180 (2.6s)
✔ [4323/4729] Built equational_theories.Generated.All4x4Tables.Refutation182 (2.7s)
✔ [4324/4729] Built equational_theories.Generated.All4x4Tables.Refutation179 (2.7s)
✔ [4325/4729] Built equational_theories.Generated.All4x4Tables.Refutation181 (3.1s)
✔ [4326/4729] Built equational_theories.Generated.All4x4Tables.Refutation178 (2.7s)
✔ [4327/4729] Built equational_theories.Generated.All4x4Tables.Refutation177 (2.6s)
✔ [4328/4729] Built equational_theories.Generated.All4x4Tables.Refutation176 (2.6s)
✔ [4329/4729] Built equational_theories.Generated.All4x4Tables.Refutation175 (2.6s)
✔ [4330/4729] Built equational_theories.Generated.All4x4Tables.Refutation174 (2.7s)
✔ [4331/4729] Built equational_theories.Generated.All4x4Tables.Refutation172 (2.6s)
✔ [4332/4729] Built equational_theories.Generated.All4x4Tables.Refutation173 (2.8s)
✔ [4333/4729] Built equational_theories.Generated.All4x4Tables.Refutation170 (2.6s)
✔ [4334/4729] Built equational_theories.Generated.All4x4Tables.Refutation171 (2.7s)
✔ [4335/4729] Built equational_theories.Generated.All4x4Tables.Refutation168 (2.6s)
✔ [4336/4729] Built equational_theories.Generated.All4x4Tables.Refutation169 (2.6s)
✔ [4337/4729] Built equational_theories.Generated.All4x4Tables.Refutation167 (2.6s)
✔ [4338/4729] Built equational_theories.Generated.All4x4Tables.Refutation166 (2.6s)
✔ [4339/4729] Built equational_theories.Generated.All4x4Tables.Refutation165 (2.7s)
✔ [4340/4729] Built equational_theories.Generated.All4x4Tables.Refutation164 (2.7s)
✔ [4341/4729] Built equational_theories.Generated.All4x4Tables.Refutation163 (2.6s)
✔ [4342/4729] Built equational_theories.Generated.All4x4Tables.Refutation162 (2.7s)
✔ [4343/4729] Built equational_theories.Generated.All4x4Tables.Refutation161 (2.6s)
✔ [4344/4729] Built equational_theories.Generated.All4x4Tables.Refutation160 (2.6s)
✔ [4345/4729] Built equational_theories.Generated.All4x4Tables.Refutation159 (2.7s)
✔ [4346/4729] Built equational_theories.Generated.All4x4Tables.Refutation158 (2.7s)
✔ [4347/4729] Built equational_theories.Generated.All4x4Tables.Refutation157 (2.6s)
✔ [4348/4729] Built equational_theories.Generated.All4x4Tables.Refutation156 (2.8s)
✔ [4349/4729] Built equational_theories.Generated.All4x4Tables.Refutation154 (2.6s)
✔ [4350/4729] Built equational_theories.Generated.All4x4Tables.Refutation155 (2.7s)
✔ [4351/4729] Built equational_theories.Generated.All4x4Tables.Refutation152 (2.6s)
✔ [4352/4729] Built equational_theories.Generated.All4x4Tables.Refutation153 (2.8s)
✔ [4353/4729] Built equational_theories.Generated.All4x4Tables.Refutation149 (2.7s)
✔ [4354/4729] Built equational_theories.Generated.All4x4Tables.Refutation150 (2.7s)
✔ [4355/4729] Built equational_theories.Generated.All4x4Tables.Refutation148 (2.6s)
✔ [4356/4729] Built equational_theories.Generated.All4x4Tables.Refutation151 (2.0s)
✔ [4357/4729] Built equational_theories.Generated.All4x4Tables.Refutation145 (2.5s)
✔ [4358/4729] Built equational_theories.Generated.All4x4Tables.Refutation146 (2.6s)
✔ [4359/4729] Built equational_theories.Generated.All4x4Tables.Refutation144 (2.7s)
✔ [4360/4729] Built equational_theories.Generated.All4x4Tables.Refutation147 (3.0s)
✔ [4361/4729] Built equational_theories.Generated.All4x4Tables.Refutation143 (2.5s)
✔ [4362/4729] Built equational_theories.Generated.All4x4Tables.Refutation142 (2.7s)
✔ [4363/4729] Built equational_theories.Generated.All4x4Tables.Refutation141 (2.6s)
✔ [4364/4729] Built equational_theories.Generated.All4x4Tables.Refutation140 (2.6s)
✔ [4365/4729] Built equational_theories.Generated.All4x4Tables.Refutation139 (2.9s)
✔ [4366/4729] Built equational_theories.Generated.All4x4Tables.Refutation138 (2.0s)
✔ [4367/4729] Built equational_theories.Generated.All4x4Tables.Refutation137 (2.7s)
✔ [4368/4729] Built equational_theories.Generated.All4x4Tables.Refutation134 (2.6s)
✔ [4369/4729] Built equational_theories.Generated.All4x4Tables.Refutation136 (2.7s)
✔ [4370/4729] Built equational_theories.Generated.All4x4Tables.Refutation133 (2.7s)
✔ [4371/4729] Built equational_theories.Generated.All4x4Tables.Refutation130 (2.6s)
✔ [4372/4729] Built equational_theories.Generated.All4x4Tables.Refutation131 (2.6s)
✔ [4373/4729] Built equational_theories.Generated.All4x4Tables.Refutation132 (2.8s)
✔ [4374/4729] Built equational_theories.Generated.All4x4Tables.Refutation128 (2.6s)
✔ [4375/4729] Built equational_theories.Generated.All4x4Tables.Refutation129 (2.6s)
✔ [4376/4729] Built equational_theories.Generated.All4x4Tables.Refutation135 (3.4s)
✔ [4377/4729] Built equational_theories.Generated.All4x4Tables.Refutation127 (2.7s)
✔ [4378/4729] Built equational_theories.Generated.All4x4Tables.Refutation126 (2.6s)
✔ [4379/4729] Built equational_theories.Generated.All4x4Tables.Refutation125 (2.6s)
✔ [4380/4729] Built equational_theories.Generated.All4x4Tables.Refutation124 (2.7s)
✔ [4381/4729] Built equational_theories.Generated.All4x4Tables.Refutation121 (2.5s)
✔ [4382/4729] Built equational_theories.Generated.All4x4Tables.Refutation123 (2.7s)
✔ [4383/4729] Built equational_theories.Generated.All4x4Tables.Refutation122 (2.7s)
✔ [4384/4729] Built equational_theories.Generated.All4x4Tables.Refutation120 (2.6s)
✔ [4385/4729] Built equational_theories.Generated.All4x4Tables.Refutation119 (2.7s)
✔ [4386/4729] Built equational_theories.Generated.All4x4Tables.Refutation118 (2.7s)
✔ [4387/4729] Built equational_theories.Generated.All4x4Tables.Refutation116 (2.5s)
✔ [4388/4729] Built equational_theories.Generated.All4x4Tables.Refutation115 (2.6s)
✔ [4389/4729] Built equational_theories.Generated.All4x4Tables.Refutation117 (2.8s)
✔ [4390/4729] Built equational_theories.Generated.All4x4Tables.Refutation113 (2.6s)
✔ [4391/4729] Built equational_theories.Generated.All4x4Tables.Refutation112 (2.7s)
✔ [4392/4729] Built equational_theories.Generated.All4x4Tables.Refutation114 (2.7s)
✔ [4393/4729] Built equational_theories.Generated.All4x4Tables.Refutation111 (2.7s)
✔ [4394/4729] Built equational_theories.Generated.All4x4Tables.Refutation109 (2.5s)
✔ [4395/4729] Built equational_theories.Generated.All4x4Tables.Refutation110 (2.7s)
✔ [4396/4729] Built equational_theories.Generated.All4x4Tables.Refutation108 (2.6s)
✔ [4397/4729] Built equational_theories.Generated.All4x4Tables.Refutation106 (2.6s)
✔ [4398/4729] Built equational_theories.Generated.All4x4Tables.Refutation105 (2.7s)
✔ [4399/4729] Built equational_theories.Generated.All4x4Tables.Refutation107 (2.9s)
✔ [4400/4729] Built equational_theories.Generated.All4x4Tables.Refutation103 (2.6s)
✔ [4401/4729] Built equational_theories.Generated.All4x4Tables.Refutation104 (2.8s)
✔ [4402/4729] Built equational_theories.Generated.All4x4Tables.Refutation102 (2.7s)
✔ [4403/4729] Built equational_theories.Generated.All4x4Tables.Refutation100 (2.7s)
✔ [4404/4729] Built equational_theories.Generated.All4x4Tables.Refutation101 (2.8s)
✔ [4405/4729] Built equational_theories.Generated.All4x4Tables.Refutation99 (2.7s)
✔ [4406/4729] Built equational_theories.Generated.All4x4Tables.Refutation98 (2.6s)
✔ [4407/4729] Built equational_theories.Generated.All4x4Tables.Refutation97 (2.7s)
✔ [4408/4729] Built equational_theories.Generated.All4x4Tables.Refutation96 (2.7s)
✔ [4409/4729] Built equational_theories.Generated.All4x4Tables.Refutation95 (2.6s)
✔ [4410/4729] Built equational_theories.Generated.All4x4Tables.Refutation93 (2.6s)
✔ [4411/4729] Built equational_theories.Generated.All4x4Tables.Refutation94 (2.7s)
✔ [4412/4729] Built equational_theories.Generated.All4x4Tables.Refutation92 (2.7s)
✔ [4413/4729] Built equational_theories.Generated.All4x4Tables.Refutation91 (2.7s)
✔ [4414/4729] Built equational_theories.Generated.All4x4Tables.Refutation291 (2.6s)
✔ [4415/4729] Built equational_theories.Generated.All4x4Tables.Refutation88 (2.6s)
✔ [4416/4729] Built equational_theories.Generated.All4x4Tables.Refutation89 (2.7s)
✔ [4417/4729] Built equational_theories.Generated.All4x4Tables.Refutation87 (2.7s)
✔ [4418/4729] Built equational_theories.Generated.All4x4Tables.Refutation83 (2.6s)
✔ [4419/4729] Built equational_theories.Generated.All4x4Tables.Refutation85 (2.8s)
✔ [4420/4729] Built equational_theories.Generated.All4x4Tables.Refutation86 (2.9s)
✔ [4421/4729] Built equational_theories.Generated.All4x4Tables.Refutation82 (2.7s)
✔ [4422/4729] Built equational_theories.Generated.All4x4Tables.Refutation81 (2.6s)
✔ [4423/4729] Built equational_theories.Generated.All4x4Tables.Refutation80 (2.6s)
✔ [4424/4729] Built equational_theories.Generated.All4x4Tables.Refutation79 (2.6s)
✔ [4425/4729] Built equational_theories.Generated.All4x4Tables.Refutation84 (3.5s)
✔ [4426/4729] Built equational_theories.Generated.All4x4Tables.Refutation77 (2.7s)
✔ [4427/4729] Built equational_theories.Generated.All4x4Tables.Refutation78 (2.6s)
✔ [4428/4729] Built equational_theories.Generated.All4x4Tables.Refutation76 (2.9s)
✔ [4429/4729] Built equational_theories.Generated.All4x4Tables.Refutation74 (2.7s)
✔ [4430/4729] Built equational_theories.Generated.All4x4Tables.Refutation75 (2.7s)
✔ [4431/4729] Built equational_theories.Generated.All4x4Tables.Refutation72 (2.6s)
✔ [4432/4729] Built equational_theories.Generated.All4x4Tables.Refutation73 (2.8s)
✔ [4433/4729] Built equational_theories.Generated.All4x4Tables.Refutation71 (2.8s)
✔ [4434/4729] Built equational_theories.Generated.All4x4Tables.Refutation69 (2.6s)
✔ [4435/4729] Built equational_theories.Generated.All4x4Tables.Refutation68 (2.7s)
✔ [4436/4729] Built equational_theories.Generated.All4x4Tables.Refutation70 (2.7s)
✔ [4437/4729] Built equational_theories.Generated.All4x4Tables.Refutation65 (2.6s)
✔ [4438/4729] Built equational_theories.Generated.All4x4Tables.Refutation66 (2.8s)
✔ [4439/4729] Built equational_theories.Generated.All4x4Tables.Refutation67 (2.9s)
✔ [4440/4729] Built equational_theories.Generated.All4x4Tables.Refutation64 (2.8s)
✔ [4441/4729] Built equational_theories.Generated.All4x4Tables.Refutation62 (2.7s)
✔ [4442/4729] Built equational_theories.Generated.All4x4Tables.Refutation61 (2.7s)
✔ [4443/4729] Built equational_theories.Generated.All4x4Tables.Refutation63 (2.9s)
✔ [4444/4729] Built equational_theories.Generated.All4x4Tables.Refutation60 (2.6s)
✔ [4445/4729] Built equational_theories.Generated.All4x4Tables.Refutation59 (2.7s)
✔ [4446/4729] Built equational_theories.Generated.All4x4Tables.Refutation58 (2.8s)
✔ [4447/4729] Built equational_theories.Generated.All4x4Tables.Refutation56 (2.7s)
✔ [4448/4729] Built equational_theories.Generated.All4x4Tables.Refutation57 (3.1s)
✔ [4449/4729] Built equational_theories.Generated.All4x4Tables.Refutation55 (2.9s)
✔ [4450/4729] Built equational_theories.Generated.All4x4Tables.Refutation52 (2.7s)
✔ [4451/4729] Built equational_theories.Generated.All4x4Tables.Refutation53 (2.7s)
✔ [4452/4729] Built equational_theories.Generated.All4x4Tables.Refutation54 (2.9s)
✔ [4453/4729] Built equational_theories.Generated.All4x4Tables.Refutation50 (2.6s)
✔ [4454/4729] Built equational_theories.Generated.All4x4Tables.Refutation49 (2.8s)
✔ [4455/4729] Built equational_theories.Generated.All4x4Tables.Refutation51 (2.9s)
✔ [4456/4729] Built equational_theories.Generated.All4x4Tables.Refutation48 (3.1s)
✔ [4457/4729] Built equational_theories.Generated.All4x4Tables.Refutation45 (2.9s)
✔ [4458/4729] Built equational_theories.Generated.All4x4Tables.Refutation46 (3.1s)
✔ [4459/4729] Built equational_theories.Generated.All4x4Tables.Refutation47 (3.4s)
✔ [4460/4729] Built equational_theories.Generated.All4x4Tables.Refutation44 (2.9s)
✔ [4461/4729] Built equational_theories.Generated.All4x4Tables.Refutation43 (2.6s)
✔ [4462/4729] Built equational_theories.Generated.All4x4Tables.Refutation40 (2.6s)
✔ [4463/4729] Built equational_theories.Generated.All4x4Tables.Refutation39 (2.7s)
✔ [4464/4729] Built equational_theories.Generated.All4x4Tables.Refutation38 (2.6s)
✔ [4465/4729] Built equational_theories.Generated.All4x4Tables.Refutation35 (2.7s)
✔ [4466/4729] Built equational_theories.Generated.All4x4Tables.Refutation37 (2.8s)
✔ [4467/4729] Built equational_theories.Generated.All4x4Tables.Refutation34 (2.6s)
✔ [4468/4729] Built equational_theories.Generated.All4x4Tables.Refutation33 (2.7s)
✔ [4469/4729] Built equational_theories.Generated.All4x4Tables.Refutation36 (3.6s)
✔ [4470/4729] Built equational_theories.Generated.All4x4Tables.Refutation32 (2.8s)
✔ [4471/4729] Built equational_theories.Generated.All4x4Tables.Refutation31 (2.7s)
✔ [4472/4729] Built equational_theories.Generated.All4x4Tables.Refutation30 (2.8s)
✔ [4473/4729] Built equational_theories.Generated.All4x4Tables.Refutation41 (4.6s)
✔ [4474/4729] Built equational_theories.Generated.All4x4Tables.Refutation28 (2.9s)
✔ [4475/4729] Built equational_theories.Generated.All4x4Tables.Refutation42 (5.3s)
✔ [4476/4729] Built equational_theories.Generated.All4x4Tables.Refutation29 (3.3s)
✔ [4477/4729] Built equational_theories.Generated.All4x4Tables.Refutation27 (3.5s)
✔ [4478/4729] Built equational_theories.Generated.All4x4Tables.Refutation25 (2.9s)
✔ [4479/4729] Built equational_theories.Generated.All4x4Tables.Refutation22 (2.7s)
✔ [4480/4729] Built equational_theories.Generated.All4x4Tables.Refutation24 (2.0s)
✔ [4481/4729] Built equational_theories.Generated.All4x4Tables.Refutation26 (3.5s)
✔ [4482/4729] Built equational_theories.Generated.All4x4Tables.Refutation21 (2.7s)
✔ [4483/4729] Built equational_theories.Generated.All4x4Tables.Refutation23 (2.0s)
✔ [4484/4729] Built equational_theories.Generated.All4x4Tables.Refutation20 (2.8s)
✔ [4485/4729] Built equational_theories.Generated.All4x4Tables.Refutation18 (2.6s)
✔ [4486/4729] Built equational_theories.Generated.All4x4Tables.Refutation19 (2.8s)
✔ [4487/4729] Built equational_theories.Generated.All4x4Tables.Refutation17 (2.7s)
✔ [4488/4729] Built equational_theories.Generated.All4x4Tables.Refutation16 (2.7s)
✔ [4489/4729] Built equational_theories.Generated.All4x4Tables.Refutation15 (2.7s)
✔ [4490/4729] Built equational_theories.Generated.All4x4Tables.Refutation14 (2.7s)
✔ [4491/4729] Built equational_theories.Generated.All4x4Tables.Refutation13 (2.9s)
✔ [4492/4729] Built equational_theories.Generated.All4x4Tables.Refutation12 (2.9s)
✔ [4493/4729] Built equational_theories.Generated.All4x4Tables.Refutation11 (2.8s)
✔ [4494/4729] Built equational_theories.Generated.All4x4Tables.Refutation8 (2.6s)
✔ [4495/4729] Built equational_theories.Generated.All4x4Tables.Refutation9 (2.7s)
✔ [4496/4729] Built equational_theories.Generated.All4x4Tables.Refutation10 (2.9s)
✔ [4497/4729] Built equational_theories.Generated.All4x4Tables.Refutation7 (2.8s)
✔ [4498/4729] Built equational_theories.Generated.All4x4Tables.Refutation6 (3.1s)
✔ [4499/4729] Built equational_theories.Generated.All4x4Tables.Refutation3 (2.0s)
✔ [4500/4729] Built equational_theories.Generated.All4x4Tables.Refutation2 (3.1s)
✔ [4501/4729] Built equational_theories.Generated.All4x4Tables.Refutation5 (5.0s)
✔ [4502/4729] Built equational_theories.Generated.All4x4Tables.Refutation0 (4.4s)
✔ [4503/4729] Built equational_theories.Generated.All4x4Tables.Refutation4 (5.3s)
✔ [4504/4729] Built equational_theories.Generated.All4x4Tables.Refutation1 (4.9s)
✔ [4505/4729] Built equational_theories.Generated.FinitePoly.Refutation682 (10s)
✔ [4506/4729] Built equational_theories.Generated.Greedy.Eq1648 (15s)
✔ [4507/4729] Built equational_theories.Generated.FinitePoly.Refutation690 (14s)
✔ [4508/4729] Built equational_theories.Generated.FinitePoly.Refutation676 (16s)
✔ [4509/4729] Built equational_theories.Generated.FinitePoly.Refutation674 (17s)
✔ [4510/4729] Built equational_theories.Generated.FinitePoly.Refutation672 (8.8s)
✔ [4511/4729] Built equational_theories.Generated.FinitePoly.Refutation664 (8.9s)
✔ [4512/4729] Built equational_theories.Generated.FinitePoly.Refutation656 (7.8s)
✔ [4513/4729] Built equational_theories.Generated.FinitePoly.Refutation636 (7.0s)
✔ [4514/4729] Built equational_theories.Generated.FinitePoly.Refutation568 (5.7s)
✔ [4515/4729] Built equational_theories.Generated.FinitePoly.Refutation620 (8.3s)
✔ [4516/4729] Built equational_theories.Generated.FinitePoly.Refutation622 (9.2s)
✔ [4517/4729] Built equational_theories.Generated.FinitePoly.Refutation550 (7.3s)
✔ [4518/4729] Built equational_theories.Generated.FinitePoly.Refutation532 (5.9s)
✔ [4519/4729] Built equational_theories.Generated.Greedy.Eq677 (34s)
✔ [4520/4729] Built equational_theories.Generated.FinitePoly.Refutation502 (7.6s)
✔ [4521/4729] Built equational_theories.Generated.FinitePoly.Refutation492 (6.3s)
✔ [4522/4729] Built equational_theories.Generated.FinitePoly.Refutation482 (5.6s)
✔ [4523/4729] Built equational_theories.Generated.FinitePoly.Refutation488 (9.1s)
✔ [4524/4729] Built equational_theories.Generated.Greedy.Eq906 (40s)
✔ [4525/4729] Built equational_theories.Generated.FinitePoly.Refutation472 (4.3s)
✔ [4526/4729] Built equational_theories.Generated.FinitePoly.Refutation474 (6.2s)
✔ [4527/4729] Built equational_theories.Generated.FinitePoly.Refutation470 (5.3s)
✔ [4528/4729] Built equational_theories.Generated.FinitePoly.Refutation476 (8.9s)
✔ [4529/4729] Built equational_theories.Generated.FinitePoly.Refutation444 (4.3s)
✔ [4530/4729] Built equational_theories.Generated.FinitePoly.Refutation454 (6.8s)
✔ [4531/4729] Built equational_theories.Generated.FinitePoly.Refutation432 (4.9s)
✔ [4532/4729] Built equational_theories.Generated.FinitePoly.Refutation424 (4.7s)
✔ [4533/4729] Built equational_theories.Generated.FinitePoly.Refutation426 (4.9s)
✔ [4534/4729] Built equational_theories.Generated.FinitePoly.Refutation422 (5.4s)
✔ [4535/4729] Built equational_theories.Generated.FinitePoly.Refutation408 (3.9s)
✔ [4536/4729] Built equational_theories.Generated.FinitePoly.Refutation418 (4.8s)
✔ [4537/4729] Built equational_theories.Generated.FinitePoly.Refutation410 (4.8s)
✔ [4538/4729] Built equational_theories.Generated.FinitePoly.Refutation420 (7.0s)
✔ [4539/4729] Built equational_theories.Generated.FinitePoly.Refutation406 (4.8s)
✔ [4540/4729] Built equational_theories.Generated.FinitePoly.Refutation404 (5.9s)
✔ [4541/4729] Built equational_theories.Generated.FinitePoly.Refutation394 (3.3s)
✔ [4542/4729] Built equational_theories.Generated.FinitePoly.Refutation400 (4.9s)
✔ [4543/4729] Built equational_theories.Generated.FinitePoly.Refutation386 (3.8s)
✔ [4544/4729] Built equational_theories.Generated.FinitePoly.Refutation402 (6.0s)
✔ [4545/4729] Built equational_theories.Generated.FinitePoly.Refutation390 (6.6s)
✔ [4546/4729] Built equational_theories.Generated.FinitePoly.Refutation374 (3.9s)
✔ [4547/4729] Built equational_theories.Generated.FinitePoly.Refutation380 (4.4s)
✔ [4548/4729] Built equational_theories.Generated.FinitePoly.Refutation388 (5.8s)
✔ [4549/4729] Built equational_theories.Generated.FinitePoly.Refutation366 (3.0s)
✔ [4550/4729] Built equational_theories.Generated.FinitePoly.Refutation370 (5.5s)
✔ [4551/4729] Built equational_theories.Generated.Greedy.Eq883 (59s)
✔ [4552/4729] Built equational_theories.Generated.Greedy.Eq124 (58s)
✔ [4553/4729] Built equational_theories.Generated.FinitePoly.Refutation346 (3.8s)
✔ [4554/4729] Built equational_theories.Generated.FinitePoly.Refutation364 (5.6s)
✔ [4555/4729] Built equational_theories.Generated.FinitePoly.Refutation356 (4.6s)
✔ [4556/4729] Built equational_theories.Generated.FinitePoly.Refutation352 (4.5s)
✔ [4557/4729] Built equational_theories.Generated.Greedy.Eq503 (61s)
✔ [4558/4729] Built equational_theories.Generated.FinitePoly.Refutation344 (5.0s)
✔ [4559/4729] Built equational_theories.Generated.FinitePoly.Refutation340 (3.5s)
✔ [4560/4729] Built equational_theories.Generated.FinitePoly.Refutation328 (3.2s)
✔ [4561/4729] Built equational_theories.Generated.FinitePoly.Refutation326 (3.8s)
✔ [4562/4729] Built equational_theories.Generated.FinitePoly.Refutation342 (5.6s)
✔ [4563/4729] Built equational_theories.Generated.FinitePoly.Refutation318 (3.8s)
✔ [4564/4729] Built equational_theories.Generated.FinitePoly.Refutation330 (5.1s)
✔ [4565/4729] Built equational_theories.Generated.FinitePoly.Refutation320 (4.8s)
✔ [4566/4729] Built equational_theories.Generated.FinitePoly.Refutation314 (4.1s)
✔ [4567/4729] Built equational_theories.Generated.FinitePoly.Refutation316 (5.2s)
✔ [4568/4729] Built equational_theories.Generated.FinitePoly.Refutation312 (3.9s)
✔ [4569/4729] Built equational_theories.Generated.FinitePoly.Refutation290 (4.0s)
✔ [4570/4729] Built equational_theories.Generated.FinitePoly.Refutation302 (4.2s)
✔ [4571/4729] Built equational_theories.Generated.FinitePoly.Refutation284 (3.5s)
✔ [4572/4729] Built equational_theories.Generated.FinitePoly.Refutation286 (3.7s)
✔ [4573/4729] Built equational_theories.Generated.Greedy.Eq707 (67s)
✔ [4574/4729] Built equational_theories.Generated.FinitePoly.Refutation270 (3.4s)
✔ [4575/4729] Built equational_theories.Generated.FinitePoly.Refutation272 (4.6s)
✔ [4576/4729] Built equational_theories.Generated.FinitePoly.Refutation264 (3.5s)
✔ [4577/4729] Built equational_theories.Generated.FinitePoly.Refutation262 (3.7s)
✔ [4578/4729] Built equational_theories.Generated.FinitePoly.Refutation280 (5.7s)
✔ [4579/4729] Built equational_theories.Generated.FinitePoly.Refutation246 (3.8s)
✔ [4580/4729] Built equational_theories.Generated.FinitePoly.Refutation238 (3.0s)
✔ [4581/4729] Built equational_theories.Generated.FinitePoly.Refutation236 (3.4s)
✔ [4582/4729] Built equational_theories.Generated.FinitePoly.Refutation250 (4.4s)
✔ [4583/4729] Built equational_theories.Generated.FinitePoly.Refutation268 (5.2s)
✔ [4584/4729] Built equational_theories.Generated.FinitePoly.Refutation232 (3.1s)
✔ [4585/4729] Built equational_theories.Generated.FinitePoly.Refutation226 (3.5s)
✔ [4586/4729] Built equational_theories.Generated.FinitePoly.Refutation220 (3.9s)
✔ [4587/4729] Built equational_theories.Generated.Greedy.Eq1113 (74s)
✔ [4588/4729] Built equational_theories.Generated.All4x4Tables.Refutation90 (3.4s)
✔ [4589/4729] Built equational_theories.Generated.FinitePoly.Refutation234 (5.5s)
✔ [4590/4729] Built equational_theories.Generated.FinitePoly.Refutation218 (3.7s)
✔ [4591/4729] Built equational_theories.Generated.FinitePoly.Refutation214 (3.3s)
✔ [4592/4729] Built equational_theories.Generated.FinitePoly.Refutation198 (3.7s)
✔ [4593/4729] Built equational_theories.Generated.FinitePoly.Refutation206 (4.2s)
✔ [4594/4729] Built equational_theories.Generated.FinitePoly.Refutation200 (4.2s)
✔ [4595/4729] Built equational_theories.Generated.FinitePoly.Refutation208 (4.2s)
✔ [4596/4729] Built equational_theories.Generated.FinitePoly.Refutation196 (3.2s)
✔ [4597/4729] Built equational_theories.Generated.FinitePoly.Refutation212 (5.2s)
✔ [4598/4729] Built equational_theories.Generated.Greedy.Eq476 (75s)
✔ [4599/4729] Built equational_theories.Generated.FinitePoly.Refutation178 (3.5s)
✔ [4600/4729] Built equational_theories.Generated.FinitePoly.Refutation194 (3.9s)
✔ [4601/4729] Built equational_theories.Generated.FinitePoly.Refutation174 (3.9s)
✔ [4602/4729] Built equational_theories.Generated.FinitePoly.Refutation190 (4.3s)
✔ [4603/4729] Built equational_theories.Generated.FinitePoly.Refutation176 (4.2s)
✔ [4604/4729] Built equational_theories.Generated.FinitePoly.Refutation152 (3.9s)
✔ [4605/4729] Built equational_theories.Generated.FinitePoly.Refutation154 (4.0s)
✔ [4606/4729] Built equational_theories.Generated.FinitePoly.Refutation146 (3.7s)
✔ [4607/4729] Built equational_theories.Generated.FinitePoly.Refutation184 (5.8s)
✔ [4608/4729] Built equational_theories.Generated.FinitePoly.Refutation150 (4.1s)
✔ [4609/4729] Built equational_theories.Generated.FinitePoly.Refutation144 (3.9s)
✔ [4610/4729] Built equational_theories.Generated.FinitePoly.Refutation138 (3.5s)
✔ [4611/4729] Built equational_theories.Generated.FinitePoly.Refutation172 (5.2s)
✔ [4612/4729] Built equational_theories.Generated.FinitePoly.Refutation128 (4.0s)
✔ [4613/4729] Built equational_theories.Generated.FinitePoly.Refutation132 (4.1s)
✔ [4614/4729] Built equational_theories.Generated.FinitePoly.Refutation126 (3.8s)
✔ [4615/4729] Built equational_theories.Generated.FinitePoly.Refutation116 (3.7s)
✔ [4616/4729] Built equational_theories.Generated.FinitePoly.Refutation120 (3.0s)
✔ [4617/4729] Built equational_theories.Generated.FinitePoly.Refutation112 (3.7s)
✔ [4618/4729] Built equational_theories.Generated.FinitePoly.Refutation92 (3.5s)
✔ [4619/4729] Built equational_theories.Generated.FinitePoly.Refutation114 (4.0s)
✔ [4620/4729] Built equational_theories.Generated.FinitePoly.Refutation94 (3.0s)
✔ [4621/4729] Built equational_theories.Generated.FinitePoly.Refutation108 (4.4s)
✔ [4622/4729] Built equational_theories.Generated.FinitePoly.Refutation84 (2.9s)
✔ [4623/4729] Built equational_theories.Generated.FinitePoly.Refutation96 (5.0s)
✔ [4624/4729] Built equational_theories.Generated.FinitePoly.Refutation78 (3.5s)
✔ [4625/4729] Built equational_theories.Generated.FinitePoly.Refutation90 (5.4s)
✔ [4626/4729] Built equational_theories.Generated.FinitePoly.Refutation88 (4.9s)
✔ [4627/4729] Built equational_theories.Generated.FinitePoly.Refutation72 (3.7s)
✔ [4628/4729] Built equational_theories.Generated.FinitePoly.Refutation82 (4.3s)
✔ [4629/4729] Built equational_theories.Generated.FinitePoly.Refutation68 (3.4s)
✔ [4630/4729] Built equational_theories.Generated.FinitePoly.Refutation66 (3.4s)
✔ [4631/4729] Built equational_theories.Generated.FinitePoly.Refutation74 (5.0s)
✔ [4632/4729] Built equational_theories.Generated.FinitePoly.Refutation56 (3.6s)
✔ [4633/4729] Built equational_theories.Generated.FinitePoly.Refutation50 (3.5s)
✔ [4634/4729] Built equational_theories.Generated.FinitePoly.Refutation60 (3.0s)
✔ [4635/4729] Built equational_theories.Generated.FinitePoly.Refutation40 (3.4s)
✔ [4636/4729] Built equational_theories.Generated.FinitePoly.Refutation46 (3.6s)
✔ [4637/4729] Built equational_theories.Generated.FinitePoly.Refutation26 (3.2s)
✔ [4638/4729] Built equational_theories.Generated.FinitePoly.Refutation34 (3.8s)
✔ [4639/4729] Built equational_theories.Generated.FinitePoly.Refutation24 (3.9s)
✔ [4640/4729] Built equational_theories.Generated.FinitePoly.Refutation18 (3.5s)
✔ [4641/4729] Built equational_theories.Generated.FinitePoly.Refutation32 (5.0s)
✔ [4642/4729] Built equational_theories.Generated.Greedy.Eq1112 (90s)
✔ [4643/4729] Built equational_theories.Generated.FinitePoly.Refutation8 (3.9s)
✔ [4644/4729] Built equational_theories.Generated.FinitePoly.Refutation6 (3.9s)
✔ [4645/4729] Built equational_theories.Generated.FinitePoly.Refutation20 (5.5s)
✔ [4646/4729] Built equational_theories.Generated.FinitePoly.Refutation14 (4.6s)
✔ [4647/4729] Built equational_theories.Generated.TrivialBruteforce.theorems.RewriteGoal (3.8s)
✔ [4648/4729] Built equational_theories.Generated.TrivialBruteforce.theorems.Apply2 (4.0s)
✔ [4649/4729] Built equational_theories.Generated.TrivialBruteforce.theorems.Apply (4.7s)
✔ [4650/4729] Built equational_theories.Generated.TrivialBruteforce.theorems.RewriteHypothesis (7.9s)
✔ [4651/4729] Built equational_theories.Generated.Constant (6.6s)
✔ [4652/4729] Built equational_theories.Generated.Singleton (7.1s)
✔ [4653/4729] Built equational_theories.Generated.SimpleRewrites.theorems.Rewrite_wz_yx_zy (7.9s)
✔ [4654/4729] Built equational_theories.Generated.TrivialBruteforce.theorems.RewriteCombinations (14s)
✔ [4655/4729] Built equational_theories.Generated.SimpleRewrites.theorems.Rewrite_wz_zy (10s)
✔ [4656/4729] Built equational_theories.Generated.TrivialBruteforce.theorems.RewriteHypothesisAndGoal (15s)
✔ [4657/4729] Built equational_theories.Generated.SimpleRewrites.theorems.Rewrite_wz_zx (11s)
✔ [4658/4729] Built equational_theories.Generated.SimpleRewrites.theorems.Rewrite_vz (7.1s)
✔ [4659/4729] Built equational_theories.Generated.SimpleRewrites.theorems.Rewrite_yx (12s)
✔ [4660/4729] Built equational_theories.Generated.SimpleRewrites.theorems.Rewrite_zy (14s)
✔ [4661/4729] Built equational_theories.Generated.SimpleRewrites.theorems.Rewrite_yx_zy (13s)
✔ [4662/4729] Built equational_theories.Generated.SimpleRewrites.theorems.Rewrite_zx (15s)
✔ [4663/4729] Built equational_theories.Generated.SimpleRewrites.theorems.Rewrite_wx (9.7s)
✔ [4664/4729] Built equational_theories.Generated.SimpleRewrites.theorems.Rewrite_vy (5.9s)
✔ [4665/4729] Built equational_theories.Generated.SimpleRewrites.theorems.Rewrite_vx (6.5s)
✔ [4666/4729] Built equational_theories.Generated.SimpleRewrites.theorems.Rewrite_vw (6.3s)
✔ [4667/4729] Built equational_theories.Generated.SimpleRewrites.theorems.Rewrite_wz (14s)
✔ [4668/4729] Built equational_theories.Generated.SimpleRewrites.theorems.Rewrite_wy (13s)
✔ [4669/4729] Built equational_theories.Generated.SimpleRewrites.theorems.Rewrite_vu (5.7s)
✔ [4670/4729] Built equational_theories.Generated.SimpleRewrites.theorems.Rewrite_uy_vu (5.5s)
✔ [4671/4729] Built equational_theories.Generated.SimpleRewrites.theorems.Rewrite_uz_vu (5.0s)
✔ [4672/4729] Built equational_theories.Generated.SimpleRewrites.theorems.Rewrite_ux_vu (6.2s)
✔ [4673/4729] Built equational_theories.Generated.SimpleRewrites.theorems.Rewrite_uy (6.0s)
✔ [4674/4729] Built equational_theories.Generated.SimpleRewrites.theorems.Rewrite_uz (7.6s)
✔ [4675/4729] Built equational_theories.Generated.SimpleRewrites.theorems.Rewrite_ux (6.4s)
✔ [4676/4729] Built equational_theories.Generated.SimpleRewrites.theorems.Rewrite_uw_wz_zy (6.1s)
✔ [4677/4729] Built equational_theories.Generated.SimpleRewrites.theorems.Rewrite_uw_wz_yx_zy (5.4s)
✔ [4678/4729] Built equational_theories.Generated.SimpleRewrites.theorems.Rewrite_uw_wz_zx (6.9s)
✔ [4679/4729] Built equational_theories.Generated.SimpleRewrites.theorems.Rewrite_uw_vu_wz_zx (5.1s)
✔ [4680/4729] Built equational_theories.Generated.SimpleRewrites.theorems.Rewrite_uw_wz (6.8s)
✔ [4681/4729] Built equational_theories.Generated.SimpleRewrites.theorems.Rewrite_uw_vu_wz_yx_zy (5.1s)
✔ [4682/4729] Built equational_theories.Generated.SimpleRewrites.theorems.Rewrite_uw_vu_wz_zy (5.5s)
✔ [4683/4729] Built equational_theories.Generated.SimpleRewrites.theorems.Rewrite_uw_wy (6.0s)
✔ [4684/4729] Built equational_theories.Generated.SimpleRewrites.theorems.Rewrite_uw_wx (6.3s)
✔ [4685/4729] Built equational_theories.Generated.SimpleRewrites.theorems.Rewrite_uw_vu_wz (5.3s)
✔ [4686/4729] Built equational_theories.FreeMagmaImplications (2.7s)
✔ [4687/4729] Built equational_theories.Generated.SimpleRewrites.theorems.Rewrite_uw_vu_wy (5.1s)
✔ [4688/4729] Built equational_theories.Generated.SimpleRewrites.theorems.Rewrite_uw_vu_wx (4.9s)
✔ [4689/4729] Built equational_theories.Generated.SimpleRewrites.theorems.Rewrite_uw_vu (5.2s)
✔ [4690/4729] Built equational_theories.Generated.InvariantMetatheoremNonimplications (2.6s)
✔ [4691/4729] Built equational_theories.Generated.FinitePoly.Refutation216 (3.5s)
✔ [4692/4729] Built equational_theories.Generated.SimpleRewrites.theorems.Rewrite_uw (6.7s)
✔ [4693/4729] Built equational_theories.Sheffer (3.2s)
✔ [4694/4729] Built equational_theories.ManuallyProved.Equation1571 (5.5s)
✔ [4695/4729] Built equational_theories.ManuallyProved.Equation906 (4.0s)
✔ [4696/4729] Built equational_theories.Generated.VampireProven (2.5s)
✔ [4697/4729] Built equational_theories.Generated.FinSearch (2.7s)
✔ [4698/4729] Built equational_theories.Generated.Confluence (4.8s)
✔ [4699/4729] Built equational_theories.Generated.MagmaEgg.small (2.9s)
✔ [4700/4729] Built equational_theories.Generated.FiniteImplicationSearch (2.5s)
✔ [4701/4729] Built equational_theories.Generated.FinitePoly (2.8s)
⚠ [4702/4729] Built equational_theories.ManuallyProved.Equation3342 (7.0s)
warning: equational_theories/ManuallyProved/Equation3342.lean:82:61: This simp argument is unused:
  hpgt

Hint: Omit it from the simp argument list.
  simp only [Function.iterate_succ, Function.comp_apply,̵ ̵h̵p̵g̵t̵]

Note: This linter can be disabled with `set_option linter.unusedSimpArgs false`
✔ [4703/4729] Built equational_theories.Generated.All4x4Tables (3.3s)
✔ [4704/4729] Built equational_theories.ConfluenceSystem (10s)
✔ [4705/4729] Built equational_theories.Confluence1 (11s)
✔ [4706/4729] Built equational_theories.Generated.SimpleRewrites (5.1s)
✔ [4707/4729] Built equational_theories.Definability.Tarski543 (4.6s)
✔ [4708/4729] Built equational_theories.Definability (2.8s)
✔ [4709/4729] Built equational_theories.InfModel (17s)
✔ [4710/4729] Built equational_theories.Generated.FullSpectrum (10s)
✔ [4711/4729] Built equational_theories.ManuallyProved.Equation1729.SmallMagma (16s)
⚠ [4712/4729] Built equational_theories.Confluence3 (6.2s)
warning: equational_theories/Confluence3.lean:64:52: This simp argument is unused:
  exists_eq'

Hint: Omit it from the simp argument list.
  simp_all only [Fork.injEq, not_exists, not_and, e̵x̵i̵s̵t̵s̵_̵e̵q̵'̵,̵ ̵not_true_eq_false]

Note: This linter can be disabled with `set_option linter.unusedSimpArgs false`
✔ [4713/4729] Built equational_theories.Generated.TrivialBruteforce.theorems.NthRewrites (45s)
✔ [4714/4729] Built equational_theories.Generated.TrivialBruteforce (1.3s)
⚠ [4715/4729] Built equational_theories.CentralGroupoids (20s)
warning: equational_theories/CentralGroupoids.lean:30:0: Definition `_private.equational_theories.CentralGroupoids.0.MagmaA21` of class type must be marked with `@[reducible]` or `@[implicit_reducible]`
warning: equational_theories/CentralGroupoids.lean:34:0: Definition `MagmaA2` of class type must be marked with `@[reducible]` or `@[implicit_reducible]`
warning: equational_theories/CentralGroupoids.lean:42:0: Definition `MagmaA2T` of class type must be marked with `@[reducible]` or `@[implicit_reducible]`
✔ [4716/4729] Built equational_theories.Confluence2 (14s)
✔ [4717/4729] Built equational_theories.Confluence4 (15s)
✔ [4718/4729] Built equational_theories.ManuallyProved.Equation854 (20s)
✔ [4719/4729] Built equational_theories.Generated.EquationSearch.theorems.Combined (10s)
✔ [4720/4729] Built equational_theories.Generated.EquationSearch (2.1s)
⚠ [4721/4729] Built equational_theories.ManuallyProved.Equation1729.MagmaConstruction (18s)
warning: equational_theories/ManuallyProved/Equation1729/MagmaConstruction.lean:55:0: Definition `Eq1729.TrivialPartialSolution` of class type must be marked with `@[reducible]` or `@[implicit_reducible]`
✔ [4722/4729] Built equational_theories.ManuallyProved.Equation1729 (2.3s)
✔ [4723/4729] Built equational_theories.ManuallyProved (1.8s)
✔ [4724/4729] Built equational_theories.Generated.Greedy.Eq118 (158s)
✔ [4725/4729] Built equational_theories.Generated.Greedy.Eq511 (169s)
✔ [4726/4729] Built equational_theories.Generated.Greedy (741ms)
✔ [4727/4729] Built equational_theories.Generated (1.5s)
✔ [4728/4729] Built equational_theories (1.6s)
Build completed successfully (4729 jobs).
